env,id,block,total.yield,vine.maturity,spec.grav,fry.color,stand.count
Hancock15,A00188-3C,2,68.1,8,1.076,47.8,15
Hancock15,A00188-3C,3,71.2,8,1.078,47.3,15
Hancock15,A01143-3C,2,109.2,8,1.073,48.4,15
Hancock15,A01143-3C,3,105.3,9,1.071,51.9,15
Hancock15,A09037-6C,1,70.3,5,1.083,53.9,15
Hancock15,AAF07847-2,1,77.6,8,1.078,49,15
Hancock15,AC01144-1W,2,71.9,6,1.06,46,15
Hancock15,AC01144-1W,3,75.4,6,1.058,49.9,15
Hancock15,Accumulator,2,92.4,6,1.076,55.7,15
Hancock15,Accumulator,3,80,6,1.071,52.3,15
Hancock15,AF4648-2,2,63,8,1.087,50.6,15
Hancock15,AF4648-2,3,71.9,8,1.08,49.8,15
Hancock15,AF5033-13,2,38.7,4,1.08,51,15
Hancock15,AF5033-13,3,43.8,5,1.083,45.5,15
Hancock15,AF5040-8,2,81,4,1.084,51.1,15
Hancock15,AF5040-8,3,68.8,8,1.088,50.2,15
Hancock15,AF5153-11,2,80.9,7,1.075,46.4,15
Hancock15,AF5153-11,3,61.2,9,1.077,45.3,15
Hancock15,AF5281-4,2,47.1,4,1.08,58.2,15
Hancock15,AF5281-4,3,47.8,5,1.084,55.3,15
Hancock15,AF5387-2,1,52.4,6,1.068,43.9,15
Hancock15,AF5392-8,1,63,6,1.086,49.9,15
Hancock15,AF5393-1,1,52.8,8,1.084,51.9,15
Hancock15,AF5429-3,1,91.9,6,1.072,53.4,14
Hancock15,AF5432-5,2,106.4,7,1.069,47.7,15
Hancock15,AF5432-5,3,101.2,6,1.071,47.4,15
Hancock15,AF5444-1,1,69.3,6,1.083,44.8,15
Hancock15,AF5445-2,1,101.9,6,1.108,45.5,15
Hancock15,AF5446-11,2,57,8,1.078,47.2,15
Hancock15,AF5446-11,3,50,9,1.07,50.4,15
Hancock15,AF5450-7,1,88.6,8,1.079,44.6,15
Hancock15,AF5484-3,1,76.1,7,1.087,52.2,15
Hancock15,AF5563-12,1,52.2,7,1.084,54.6,15
Hancock15,AF5569-11,1,43.3,6,1.09,48.8,15
Hancock15,AF5573-5,1,66.4,7,1.087,51.5,15
Hancock15,AF5583-3,1,67,7,1.088,51.9,15
Hancock15,AFW5039-1,2,80.7,7,1.076,49.3,15
Hancock15,AFW5039-1,3,73.7,8,1.076,43.2,15
Hancock15,AFW5484-6,2,45.5,7,1.072,55.6,15
Hancock15,AFW5484-6,3,54.4,7,1.077,54.3,14
Hancock15,AFW5550-19,2,59.4,5,1.069,42.9,15
Hancock15,AFW5550-19,3,62.3,6,1.073,47.9,15
Hancock15,AFW5563-1,2,73.5,4,1.076,47,15
Hancock15,AFW5563-1,3,74,5,1.075,50.4,15
Hancock15,AFW5563-6,2,63.6,7,1.067,56.3,15
Hancock15,AFW5563-6,3,57.8,7,1.074,51.9,15
Hancock15,AFW5616-1,1,54.7,3,1.086,55.4,12
Hancock15,AFW5622-1,1,65.8,6,1.074,51.9,12
Hancock15,AFW5662-1,1,83.3,8,1.08,50.2,12
Hancock15,AFW5666-4,1,57.7,6,1.073,54.7,12
Hancock15,AOR09034-3,1,80.1,5,1.075,52,15
Hancock15,Atlantic,1,66.8,7,1.093,48.6,15
Hancock15,Atlantic,1,66.7,6,1.099,49.2,15
Hancock15,Atlantic,2,85.5,7,1.077,47.1,15
Hancock15,Atlantic,3,70.8,6,1.076,46.2,15
Hancock15,AW11950-1,1,82.5,7,1.074,43,12
Hancock15,B2842-1,2,74,6,1.086,48.5,15
Hancock15,B2842-1,3,83.2,5,1.09,52,15
Hancock15,B2869-29,2,62.9,5,1.085,41.5,15
Hancock15,B2869-29,3,56.5,5,NA,43.5,15
Hancock15,B2895-8,2,90.9,7,1.077,48,15
Hancock15,B2895-8,3,93.4,7,1.081,49.2,15
Hancock15,B2904-2,2,78.3,5,1.074,46.9,15
Hancock15,B2904-2,3,85.7,5,1.078,50.8,15
Hancock15,B2947-8,2,63.9,3,1.072,58.1,15
Hancock15,B2947-8,3,88,7,1.069,52.4,15
Hancock15,B2950-2,2,56.9,5,1.076,44.9,15
Hancock15,B2950-2,3,65.5,7,1.075,44.5,15
Hancock15,B2950-3,2,76.8,5,1.071,43.4,15
Hancock15,B2950-3,3,71.3,5,1.071,48.8,15
Hancock15,B2981-5,2,67.2,3,1.069,49.6,15
Hancock15,B2981-5,3,61.9,5,1.081,45.5,15
Hancock15,B3000-1,2,71.1,4,1.071,42.2,15
Hancock15,B3000-1,3,73.7,5,1.073,43.1,15
Hancock15,B3005-6,1,58.3,2,1.078,46.7,15
Hancock15,B3005-7,2,79,2,1.081,55.2,15
Hancock15,B3005-7,3,76.8,5,1.084,58.1,15
Hancock15,B3005-8,1,41.6,1,1.09,52.4,15
Hancock15,B3012-1,1,72.9,2,1.075,55,15
Hancock15,B3013-1,1,58.5,4,1.089,47.9,15
Hancock15,B3042-1,1,63.5,6,1.092,52.1,15
Hancock15,BNC311-4,2,74.2,4,1.078,45.3,15
Hancock15,BNC311-4,3,75.5,7,1.074,41.4,14
Hancock15,BNC362-2,1,61,3,1.087,48.6,15
Hancock15,BNC364-1,1,66.9,6,1.096,43.8,15
Hancock15,BNC366-1,2,66.6,5,1.072,48.9,15
Hancock15,BNC366-1,3,62.7,7,1.082,43,15
Hancock15,BNC371-2,2,68.3,9,1.08,53.1,15
Hancock15,BNC371-2,3,79.7,8,1.077,52.7,15
Hancock15,BNC372-3,1,65.5,5,NA,46.3,15
Hancock15,BTD0273-1,1,53,5,1.078,49.2,15
Hancock15,CO07070-10W,2,56.8,2,1.087,53.1,15
Hancock15,CO07070-10W,3,64,4,1.09,50.3,15
Hancock15,CO07070-13W,2,61.1,3,1.076,56.8,15
Hancock15,CO07070-13W,3,70.6,5,1.079,57.2,15
Hancock15,COTX10076-1W,1,84.2,8,1.073,57.6,13
Hancock15,COTX10076-7W,1,58.9,8,1.08,54.6,15
Hancock15,FW16326-1,1,67,4,1.083,53.2,12
Hancock15,FW16326-2,1,68.5,4,1.072532699,53.2,12
Hancock15,Hodag,2,64.3,7,1.078,58.5,15
Hancock15,Hodag,3,70.5,8,1.076,53.6,14
Hancock15,HuronChipper,1,65.4,8,1.082,49.9,15
Hancock15,Lamoka,1,55.5,7,1.08,53,15
Hancock15,Lamoka,1,60.4,6,1.086,57.9,15
Hancock15,Lamoka,2,59.3,4,1.077,56.5,15
Hancock15,Lamoka,3,73,9,1.08,59.2,15
Hancock15,Lelah,2,52.3,5,1.079,51.9,15
Hancock15,Lelah,3,50.1,4,1.09,58.8,11
Hancock15,Mackinaw,2,66.8,7,1.081,51,15
Hancock15,Mackinaw,3,76.9,7,1.083,53.2,15
Hancock15,MSS428-2,2,92.9,5,1.085,50.9,15
Hancock15,MSS428-2,3,87,5,1.081,54.8,15
Hancock15,MST191-2Y,2,83.1,9,1.079,41.1,15
Hancock15,MST191-2Y,3,103.2,9,1.081,43.8,15
Hancock15,MST202-5,1,44.4,2,1.076,44.7,15
Hancock15,MST306-1,1,44.9,3,1.081,41,15
Hancock15,MST424-6,2,42.4,3,1.07,39,15
Hancock15,MST424-6,3,52.3,7,1.066,43.2,15
Hancock15,MSU379-1,2,51,1,1.078,38.3,15
Hancock15,MSU379-1,3,64,6,1.079,51.6,15
Hancock15,MSV016-2,1,53,7,1.095,41.2,15
Hancock15,MSV033-01,1,64.2,9,1.074,53,15
Hancock15,MSV241-2,2,85.9,7,1.076,52.5,15
Hancock15,MSV241-2,3,75.4,9,1.088,52.2,15
Hancock15,MSV246-1,1,68.7,5,1.077,51.8,15
Hancock15,MSV284-1,1,63.8,2,1.071,45.8,15
Hancock15,MSV292-1Y,1,42.2,6,1.066,42.2,15
Hancock15,MSV301-2,1,63,4,1.092,58.1,15
Hancock15,MSV307-2,1,71.4,4,1.085,55.9,15
Hancock15,MSV313-2,1,92,7,1.09,45.9,15
Hancock15,MSV358-3,2,82.1,6,1.074,53.5,15
Hancock15,MSV358-3,3,84.5,8,1.075,58.5,15
Hancock15,MSV380-1,1,48.3,6,1.087,51.8,15
Hancock15,MSV383-B,1,73.3,4,1.085,55.1,15
Hancock15,MSV393-1,1,44.2,6,1.079,42.1,13
Hancock15,MSV434-1Y,1,54.7,2,1.075,55.1,13
Hancock15,MSV440-6,1,53.2,5,1.069,36.2,15
Hancock15,MSV498-1,2,76.2,7,1.072,56.4,15
Hancock15,MSV498-1,3,100.5,6,1.067,57.3,15
Hancock15,MSV507-040,1,74.9,7,1.099,51.3,15
Hancock15,MSV507-056,1,60,6,1.083,59.2,14
Hancock15,MSW044-1,1,72.7,7,1.081,53.6,15
Hancock15,MSW075-1,1,85.7,7,1.076,58.9,15
Hancock15,MSW134-1,1,85.6,7,1.103,53,15
Hancock15,MSW138-02,1,53.6,7,1.075,47.7,15
Hancock15,MSW168-2,1,65.8,9,1.087,51.1,12
Hancock15,MSW299-2,1,68,6,1.075,59,15
Hancock15,MSW360-18,2,75.8,7,1.065,37.8,15
Hancock15,MSW360-18,3,73.5,8,1.069,47.6,15
Hancock15,MSW474-01,2,87.4,9,NA,52.9,15
Hancock15,MSW474-01,3,90.8,8,1.078,49.1,15
Hancock15,MSW505-2,1,62,5,1.09,50.6,15
Hancock15,MSW509-5,2,74.4,7,1.071,46.3,15
Hancock15,MSW509-5,3,80.4,7,1.075,50.8,15
Hancock15,MSX240-3,1,81.6,7,1.079,50.4,15
Hancock15,MSZ219-01,1,28.4,7,1.08,50.1,15
Hancock15,MSZ222-19,1,43.3,7,1.073,50.9,15
Hancock15,NC252-49,1,57.1,9,1.096,41.9,15
Hancock15,NC317-12,2,67.6,9,1.085,51.2,15
Hancock15,NC317-12,3,84.9,9,1.087,51.9,15
Hancock15,NC329-9,1,54.8,8,1.094,49.4,15
Hancock15,NC363-4,1,61.7,9,1.075,52.6,15
Hancock15,NC371-3,1,56.3,6,1.085,48.3,15
Hancock15,NC371-7,1,58.2,4,1.087,56.7,15
Hancock15,ND102809AB-2,1,61.8,7,1.082,55.7,12
Hancock15,ND113376CAb-1,1,62.4,5,1.071,50.6,15
Hancock15,ND113394CAb-2,1,65.2,6,1.089,58.5,15
Hancock15,ND113490C-3,1,59.9,6,1.078,54.8,15
Hancock15,ND113493C-1,1,60.9,4,1.08,52.9,15
Hancock15,ND113512ABC-7,1,56,3,1.072,42.9,12
Hancock15,NDA081453CAB-2C,2,78.1,7,1.06,46.4,15
Hancock15,NDA081453CAB-2C,3,81,8,1.081,36.2,15
Hancock15,NDTX071109C-1W,2,48.1,1,1.055,56.1,15
Hancock15,NDTX071109C-1W,3,52.4,2,1.061,59.4,15
Hancock15,NDTX081644CAB-2W,2,36.6,4,1.065,49.3,15
Hancock15,NDTX081644CAB-2W,3,59.8,7,1.067,49.2,15
Hancock15,NDTX102461AB-4W,1,55.3,5,1.08,50.4,15
Hancock15,NDTX102462C-6W,2,29.8,2,NA,52.8,15
Hancock15,NDTX102462C-6W,3,65,6,1.077,53.3,15
Hancock15,NDTX102514ABC-5W,2,61.7,3,1.068,45.9,15
Hancock15,NDTX102514ABC-5W,3,55,4,1.07,54,15
Hancock15,NDTX102640Cb-1W,1,64.6,6,1.081,57.9,15
Hancock15,NDTX113059-1W,1,67.7,5,1.076,56,15
Hancock15,NDTX113218C-2W,1,39.4,1,1.067,55.4,15
Hancock15,NDTX113218C-3W,1,42,1,1.07,52.1,15
Hancock15,NDTX113266C-1W,1,54.5,4,1.087,52,15
Hancock15,NDTX113277-1W,1,55.9,1,1.078,53.6,15
Hancock15,NY154,2,67.9,8,1.077,55,15
Hancock15,NY154,3,94.5,8,1.081,54.8,15
Hancock15,NY162,2,89.3,8,1.079,52.1,15
Hancock15,NY162,3,88.7,8,1.078,51.7,15
Hancock15,NY163,1,NA,7,1.084,60.9,15
Hancock15,NYK27-3,2,110.7,7,1.056,55.7,15
Hancock15,NYK27-3,3,94.6,8,1.079,57,15
Hancock15,NYK28-18,2,93.3,5,1.085,55.1,15
Hancock15,NYK28-18,3,89.4,7,1.086,60.5,15
Hancock15,NYL1-7,1,82.5,6,1.083,56.8,15
Hancock15,NYL17-1,1,61.5,8,1.099,59.9,15
Hancock15,NYL17-3,1,77.4,6,1.094,57.6,15
Hancock15,NYL2-12,1,58.7,4,1.082,55.5,15
Hancock15,NYL8-12,1,83.7,9,1.078,52.4,15
Hancock15,NYL9-6,1,58.7,8,1.105,55.7,15
Hancock15,NYWJ107-5,2,69.6,7,1.077,54.7,15
Hancock15,NYWJ107-5,3,69.3,7,1.077,58.3,15
Hancock15,OR09253-1,1,64,7,1.091,53.9,15
Hancock15,OR09256-2,1,79.9,5,1.078,52.5,15
Hancock15,Petoskey,2,67,6,1.08,57.4,15
Hancock15,Petoskey,3,66,7,NA,49.8,15
Hancock15,Pike,2,76.1,7,1.094,50.4,15
Hancock15,Pike,3,68,9,1.086,49.3,15
Hancock15,Snowden,1,65.3,5,1.081,56.8,15
Hancock15,Snowden,1,73.1,5,1.09,59.3,15
Hancock15,Snowden,2,80.3,6,1.079,52.1,15
Hancock15,Snowden,3,93.1,6,1.082,53.8,15
Hancock15,TC09403-4W,1,55,4,1.077,45.6,15
Hancock15,TX09403-14W,2,47.8,4,1.079,48.3,15
Hancock15,TX09403-14W,3,51.2,7,1.082,50.6,15
Hancock15,W10128-1,2,62,6,1.064,49.7,15
Hancock15,W10128-1,3,70,6,1.066,50.7,15
Hancock15,W10128-13,2,71.2,6,1.071,51.9,15
Hancock15,W10128-13,3,79.2,6,1.069,50.2,15
Hancock15,W10128-27,2,90.3,7,1.079,53.2,15
Hancock15,W10128-27,3,77.4,8,1.079,50.3,15
Hancock15,W10132-3,2,45.1,8,1.085,53.9,15
Hancock15,W10132-3,3,48.6,7,1.09,54.5,15
Hancock15,W10636-18,2,60.1,6,1.072,60.7,15
Hancock15,W10636-18,3,57.6,6,NA,53.8,15
Hancock15,W10637-20,2,91.1,5,1.085,50.7,15
Hancock15,W10637-20,3,89.4,6,1.081,45.3,15
Hancock15,W10639-4,2,NA,9,1.079,45.9,7
Hancock15,W10639-4,3,NA,8,1.084,50.6,8
Hancock15,W10645-11,2,68.9,5,1.082,46,15
Hancock15,W10645-11,3,85.2,6,1.078,48.4,14
Hancock15,W10645-14,2,88.8,5,1.072,42.5,15
Hancock15,W10645-14,3,76.9,6,1.079,51.8,15
Hancock15,W10645-7,2,87.9,5,1.073,44.9,15
Hancock15,W10645-7,3,76.6,7,1.08,54.1,15
Hancock15,W10653-14,2,74.2,5,1.082,53.4,14
Hancock15,W10653-14,3,71.9,6,1.078,50.4,15
Hancock15,W10653-18,2,67.1,5,1.076,54.7,15
Hancock15,W10653-18,3,73.6,7,1.072,52.4,15
Hancock15,W10653-19,2,60.3,2,1.078,50.1,15
Hancock15,W10653-19,3,85.7,4,1.074,50.8,15
Hancock15,W10655-36,2,60.1,7,1.085,47.5,15
Hancock15,W10655-36,3,59.8,6,1.066,46.6,15
Hancock15,W10655-43,2,51.8,5,1.079,53.4,15
Hancock15,W10655-43,3,59.3,4,1.077,54.1,15
Hancock15,W10658-7,2,60.3,4,1.074,47.4,15
Hancock15,W10658-7,3,68,6,1.08,47.8,15
Hancock15,W10659-16,2,67.7,6,1.072,56.6,15
Hancock15,W10659-16,3,93.5,6,1.074,57.3,15
Hancock15,W10659-8,2,79.5,6,1.07,55.3,15
Hancock15,W10659-8,3,85,7,1.074,53.7,15
Hancock15,W12061-1,1,74.6,5,1.08,53.3,12
Hancock15,W12061-2,1,75.5,5,1.064,54.4,12
Hancock15,W12061-3,1,NA,4,1.077,54.4,7
Hancock15,W12066-2,1,66.4,5,1.082,55,12
Hancock15,W12067-11,1,52.9,7,1.076,53.7,12
Hancock15,W12067-5,1,60.1,6,1.083,52.6,12
Hancock15,W12067-8,1,71.1,8,1.081,56.7,12
Hancock15,W12067-9,1,81,5,1.08,41.9,11
Hancock15,W12069-1,1,91.3,6,1.09,44.4,12
Hancock15,W12069-4,1,86.8,5,1.078,34.9,12
Hancock15,W12070-27,1,72.9,8,1.085,51.6,12
Hancock15,W12071-14,1,71.5,6,1.085,51.4,12
Hancock15,W12074-17,1,64.1,3,1.078,58.9,12
Hancock15,W12074-23,1,80.3,6,1.085,49.3,12
Hancock15,W12074-26,1,77.4,6,1.074,55.3,12
Hancock15,W12074-27,1,67.8,5,1.077,56.8,12
Hancock15,W12074-28,1,69.8,6,1.077,50.2,12
Hancock15,W12074-29,1,81.5,7,1.078,48.6,12
Hancock15,W12074-5,1,63.1,6,1.071,50.6,10
Hancock15,W12074-7,1,63.5,7,1.08,51.3,12
Hancock15,W12074-9,1,94.3,6,1.074,50.5,12
Hancock15,W12075-1,1,73.3,4,1.088,52.4,12
Hancock15,W12078-1,1,58.4,7,1.062,50.7,12
Hancock15,W12078-101,1,68.3,6,1.087,58.8,12
Hancock15,W12078-102,1,70.6,5,1.087,50,12
Hancock15,W12078-11,1,70.9,5,1.076,52.2,12
Hancock15,W12078-13,1,62.7,6,1.09,52.2,12
Hancock15,W12078-2,1,58,8,1.074,56.6,12
Hancock15,W12078-21,1,66.6,6,1.081,57.1,12
Hancock15,W12078-23,1,46.6,5,1.089,59.6,12
Hancock15,W12078-26,1,83.5,8,1.076,52.4,12
Hancock15,W12078-38,1,71.4,5,1.086,53.6,12
Hancock15,W12078-4,1,59.4,7,1.08,52.7,12
Hancock15,W12078-40,1,59.7,9,1.086,57.1,12
Hancock15,W12078-44,1,41.8,7,1.083,49.5,12
Hancock15,W12078-46,1,65.6,6,1.081,53.7,12
Hancock15,W12078-5,1,31.1,6,1.088,53.7,12
Hancock15,W12078-54,1,54.6,7,1.084,54.4,12
Hancock15,W12078-55,1,65.3,6,1.089,52.5,12
Hancock15,W12078-64,1,72.8,6,1.08,51.8,12
Hancock15,W12078-65,1,64.3,5,1.082,39.9,12
Hancock15,W12078-76,1,73.4,8,1.086,50.2,12
Hancock15,W12078-77,1,69.9,6,1.089,56.6,12
Hancock15,W12078-80,1,73.4,7,1.083,52.8,12
Hancock15,W12078-85,1,44.8,5,1.08,59.5,12
Hancock15,W12078-90,1,70.4,4,1.087,50.4,12
Hancock15,W12078-96,1,58.2,7,1.085,50.5,12
Hancock15,W12079-1,1,83.4,6,1.061,55.6,12
Hancock15,W12079-13,1,64.3,9,1.076,55.3,12
Hancock15,W12079-17,1,68.8,7,1.089,50.9,12
Hancock15,W12079-19,1,59.7,5,1.107,58.2,12
Hancock15,W12079-2,1,59.5,8,1.08,58.8,12
Hancock15,W12079-20,1,58.3,4,1.075,44.8,12
Hancock15,W12079-24,1,71.5,6,1.074,52.3,12
Hancock15,W12079-25,1,76.7,7,1.084,60.7,12
Hancock15,W12079-27,1,87.2,7,1.081,53.2,12
Hancock15,W12079-29,1,NA,7,1.07,47.9,7
Hancock15,W12079-34,1,77.5,8,1.073,56.4,12
Hancock15,W12079-36,1,59.1,6,1.065,57.7,12
Hancock15,W12079-38,1,80.5,6,1.077,50.9,12
Hancock15,W12079-9,1,52.5,4,1.088,61,12
Hancock15,W12080-3,1,76.9,7,1.081,54.8,12
Hancock15,W12080-5,1,61.7,4,1.073,55.2,12
Hancock15,W12082-2,1,86.2,7,1.084,56.1,12
Hancock15,W12082-5,1,60.6,5,1.086,53.7,11
Hancock15,W12085-3,1,68.1,5,1.084,50.9,12
Hancock15,W12091-2,1,54.2,3,1.076,54.2,12
Hancock15,W12091-9,1,72.7,6,1.069,50.4,12
Hancock15,W12099-17,1,68.4,3,1.084,58.5,12
Hancock15,W12099-5,1,48.5,1,1.071,44.4,12
Hancock15,W12100-4,1,86.2,7,1.073,42.7,12
Hancock15,W12145-2,1,62.1,5,1.075,57,12
Hancock15,W12154-1,1,72.7,4,1.099,44.8,12
Hancock15,W12NYN10-1,1,76.4,6,1.084,55.4,12
Hancock15,W12NYN10-2,1,85.5,6,1.066,44.1,12
Hancock15,W12NYN2-1,1,62.3,6,1.087,58.4,12
Hancock15,W12NYN2-5,1,70.3,7,1.088,52.2,12
Hancock15,W12NYN20-2,1,71.5,6,1.058,45.7,12
Hancock15,W12NYN25-1,1,72.6,7,1.084,60,12
Hancock15,W12NYN25-2,1,NA,7,1.092,59.9,12
Hancock15,W12NYN28-1,1,46.4,6,1.08,52.7,12
Hancock15,W12NYN37-1,1,86.3,7,1.076,55.4,12
Hancock15,W12NYN39-2,1,92.6,6,1.08,52.2,12
Hancock15,W12NYN40-1,1,64.2,8,1.095,54.5,12
Hancock15,W12NYN40-3,1,84.3,8,1.079,56.7,12
Hancock15,W12NYN40-4,1,67.3,6,1.079,59.1,12
Hancock15,W12NYN52-1,1,82.3,8,1.081,56.2,12
Hancock15,W12NYN56-2,1,61.2,2,1.088,55.9,12
Hancock15,W12NYN7-1,1,70.8,6,1.083,52.2,12
Hancock15,W12NYN7-2,1,69.2,7,1.082,58.5,12
Hancock15,W6822-3,2,85.1,5,1.08,57.2,15
Hancock15,W6822-3,3,72.1,6,1.088,56.8,15
Hancock15,W8822-1,2,69.3,6,1.081,44.6,15
Hancock15,W8822-1,3,71.8,6,1.08,50.1,15
Hancock15,W9835-1,2,83,4,1.079,40.9,15
Hancock15,W9835-1,3,92.8,5,NA,56.4,15
Hancock15,W9835-2,2,64.2,2,1.072,53.5,15
Hancock15,W9835-2,3,69.9,6,1.077,50.4,15
Hancock15,W9891-1,2,78.9,6,1.073,56.7,15
Hancock15,W9891-1,3,71.3,6,1.073,56.5,15
Hancock15,W9905-3,2,65.7,6,1.075,56.2,15
Hancock15,W9905-3,3,84.1,9,1.072,59.8,15
Hancock15,W9905-7,2,72.3,7,1.08,53,15
Hancock15,W9905-7,3,71.7,7,1.07,51.8,15
Hancock15,W9968-5,2,93.5,7,1.08,51.1,15
Hancock15,W9968-5,3,95.5,7,1.081,46.3,15
Hancock15,WAF10131-11,1,90.9,7,1.076,41.9,15
Hancock15,WAF10131-19,1,57.8,7,1.078,47.4,15
Hancock15,WAF10664-3,1,83.7,5,1.084,46,15
Hancock15,WTX10640-2W,1,54.7,9,1.081,53.8,15
Hancock16,AC10239-7W,3,70.5,6,1.074565217,63.4,15
Hancock16,AF5040-8,1,77,3,1.080576187,55.8,15
Hancock16,AF5040-8,2,73.8,4,1.075876727,58.1,15
Hancock16,AF5393-1,1,69.8,4,1.070850982,61.7,15
Hancock16,AF5393-1,2,58.5,4,1.071201273,66.7,15
Hancock16,AF5432-5,1,91.7,4,1.068264933,57.5,15
Hancock16,AF5432-5,2,76.6,4,1.065023374,55.1,15
Hancock16,AF5445-2,1,76.5,4,1.071400702,61.2,15
Hancock16,AF5445-2,2,81.2,3,1.080359006,61.1,15
Hancock16,AF5450-7,1,75,4,1.065093572,57.8,15
Hancock16,AF5450-7,2,75.9,5,1.065072183,58.9,15
Hancock16,AF5484-3,1,62.1,4,1.073823993,56.9,15
Hancock16,AF5484-3,2,54.1,4,1.061276751,63,15
Hancock16,AF5563-2,3,63.3,5,1.058845164,62.7,15
Hancock16,AF5583-3,1,71.4,6,1.071444177,60,14
Hancock16,AF5583-3,2,50.9,5,1.079361992,54.3,15
Hancock16,AF5584-1,3,67.4,4,1.073598369,58.5,15
Hancock16,AF5635-8,3,50.9,6,1.073828571,63,15
Hancock16,AF5639-6,3,62.9,5,1.065180745,60.2,15
Hancock16,AF5648-3,3,72.6,6,1.077138196,63,15
Hancock16,AF5665-2,3,62.2,5,1.073618434,64.4,15
Hancock16,AF5677-6,3,90.4,5,1.070246085,61.4,15
Hancock16,AF5682-3,3,NA,5,NA,NA,15
Hancock16,AF5682-5,3,59.9,2,1.070959803,59.4,15
Hancock16,AFC5551-4W,3,48.3,1,1.067260768,44.5,15
Hancock16,AFC5563-5W,3,60.9,4,1.069199745,58.9,15
Hancock16,AOR09034-3,1,66.5,3,1.067945459,60.5,15
Hancock16,AOR09034-3,2,72.3,3,1.072255575,60.5,15
Hancock16,AOR11484-2,3,80.2,2,1.062221321,62.9,15
Hancock16,AORTX09032-3W,3,53.3,8,1.080670391,64.7,15
Hancock16,AORTX09033-4W,3,41.2,1,1.070027372,64.5,15
Hancock16,AORTX09037-1W,3,63.6,4,1.063875365,63.6,15
Hancock16,AORTX09037-4W,3,79.9,4,1.074863983,63.7,15
Hancock16,AORTX10247-1W/Y,3,62.2,5,1.073142051,63.8,15
Hancock16,Atlantic,1,65.9,3,1.071760236,55.1,15
Hancock16,Atlantic,2,74.2,3,1.071599521,54.1,11
Hancock16,Atlantic,3,83,3,1.069534582,63.6,13
Hancock16,Atlantic,3,73.5,2,1.071129707,60.6,13
Hancock16,Atlantic,3,69.6,5,1.074826893,62.2,14
Hancock16,ATTX11476-11W,3,50,5,1.063037249,44.4,15
Hancock16,B2869-29,1,67.2,4,1.083063397,52.5,15
Hancock16,B2869-29,2,69.1,4,1.079910381,52.3,13
Hancock16,B2904-2,1,74.5,5,1.071644803,51.6,15
Hancock16,B2904-2,2,84.8,5,1.068270481,51.9,15
Hancock16,B3012-1,3,74,2,1.072928426,55.8,15
Hancock16,B3147-3,3,61.5,1,1.068867512,50.3,15
Hancock16,B3152A-3,3,66,4,1.080983676,53.9,15
Hancock16,B3153-3,3,76.7,4,1.069104521,59.8,15
Hancock16,B3155-3,3,67.8,4,1.075853075,53.6,14
Hancock16,B3159-7,3,38.1,4,1.072723102,59.5,15
Hancock16,B3165-11,3,51.9,1,1.076603599,58.3,15
Hancock16,B3172-12,3,75.8,4,1.074081891,63.9,15
Hancock16,B3172-3,3,38.4,1,1.076904297,60.1,15
Hancock16,B3172-8,3,77.7,3,1.083444212,55,13
Hancock16,BNC311-4,1,63.6,2,1.070704846,50.5,15
Hancock16,BNC311-4,2,62.3,2,1.068366674,56.1,14
Hancock16,BNC469-12,3,58.4,4,1.076055599,55.1,15
Hancock16,BNC469-16,3,62,4,1.068306566,62.8,15
Hancock16,BNC469-17,3,41.1,1,1.074462507,60.3,15
Hancock16,BNC469-7,3,79,6,1.066225166,58.6,15
Hancock16,BNC472-3,3,64.2,2,1.069720308,63.3,15
Hancock16,CO10030-3W,3,65.8,6,1.071666667,63.5,15
Hancock16,CO10032-8W,3,59.4,1,1.065862139,63.6,13
Hancock16,CO10073-7W,3,49.7,2,1.064014282,60.8,15
Hancock16,CO10076-4W,3,68.2,5,1.061295972,58.6,15
Hancock16,Hodag,1,70.6,5,1.071805909,59.4,15
Hancock16,Hodag,2,55,6,1.068544601,62.4,14
Hancock16,Hodag,3,77.2,5,1.071414596,59.3,14
Hancock16,Hodag,3,73,6,1.071754853,65,13
Hancock16,Hodag,3,67.9,6,1.073760068,61.4,15
Hancock16,Lamoka,1,63.5,5,1.068563242,60.3,13
Hancock16,Lamoka,2,71.9,5,1.065110302,61.6,11
Hancock16,Lamoka,3,87.2,5,1.066553768,63,13
Hancock16,Lamoka,3,68.3,4,1.067326733,65.5,12
Hancock16,Lamoka,3,61.1,5,1.068848758,63,15
Hancock16,Lelah,1,46.4,1,1.074973147,64.9,15
Hancock16,Lelah,2,60.1,1,1.080137959,62.7,15
Hancock16,Lelah,3,49.8,1,1.074592075,64.1,15
Hancock16,Lelah,3,57.2,4,1.074605452,58.5,15
Hancock16,Lelah,3,55.7,2,1.076218395,65,15
Hancock16,MSU379-1,1,37.6,3,1.072828454,57.2,15
Hancock16,MSU379-1,2,37.3,2,1.075624866,57.6,15
Hancock16,MSU383-A,1,50.8,5,1.045885287,57.7,14
Hancock16,MSU383-A,2,51.9,1,1.04913619,53.3,14
Hancock16,MSV033-1,1,70.1,7,1.063510065,59.4,15
Hancock16,MSV033-1,2,72.1,6,1.066801619,57.7,15
Hancock16,MSV242-7,3,68.2,8,1.083194676,54.6,15
Hancock16,MSV383-B,1,39.3,3,1.069569333,57.7,15
Hancock16,MSV383-B,2,50.3,1,1.07589852,63.3,15
Hancock16,MSV434-04,3,76.9,3,1.056715242,62.9,13
Hancock16,MSV498-1,1,44,5,1.061447811,59.7,15
Hancock16,MSV498-1,2,66.6,4,1.067878028,63.2,15
Hancock16,MSV507-001,3,67.4,5,1.078667612,58.7,15
Hancock16,MSV507-003,3,54.7,4,1.080851064,58.3,15
Hancock16,MSV507-007,3,80.6,5,1.070303712,58.6,15
Hancock16,MSV507-073,3,74.1,4,1.076646199,60.7,15
Hancock16,MSV507-198,3,82.3,5,1.071050962,67.1,15
Hancock16,MSW075-2,1,80.8,5,1.062318517,62.2,15
Hancock16,MSW075-2,2,77.4,6,1.090217942,63.8,15
Hancock16,MSW324-1,3,81.9,6,1.071087895,59,13
Hancock16,MSW394-1,3,77.8,7,1.071661947,59.3,15
Hancock16,MSZ020-08,3,54.3,4,1.068582725,64.7,15
Hancock16,MSZ022-07,3,65,5,1.068374165,46.9,15
Hancock16,MSZ022-19,3,75.2,7,1.060300473,61.3,14
Hancock16,MSZ045-09,3,77.9,9,1.059464817,64.9,15
Hancock16,MSZ052-11,3,61.9,6,1.062553556,59.8,15
Hancock16,MSZ052-31,3,82.5,5,1.064756909,62.4,15
Hancock16,MSZ062-10,3,54.4,5,1.079685746,64.3,15
Hancock16,MSZ096-03,3,58.4,6,1.073384447,58.6,15
Hancock16,MSZ101-06,3,60.8,7,1.068954354,55.6,15
Hancock16,MSZ101-07,3,74.9,6,1.071029199,63.8,14
Hancock16,MSZ118-08,3,68.8,6,1.070994764,60.4,15
Hancock16,MSZ219-1,1,75.6,6,1.074818653,58.9,15
Hancock16,MSZ219-1,2,75.2,6,1.075640504,59,15
Hancock16,MSZ219-13,3,65.9,6,1.062802799,54,15
Hancock16,MSZ219-14,1,76.6,6,1.073740622,56.1,15
Hancock16,MSZ219-14,2,89.6,6,1.069793621,58.4,14
Hancock16,MSZ222-19,1,73.7,5,1.076612903,NA,15
Hancock16,MSZ222-19,2,82.9,5,1.074827246,56.5,15
Hancock16,MSZ242-09,3,78,4,1.077590285,62.9,15
Hancock16,MSZ242-13,3,56.8,5,1.073922372,60.1,15
Hancock16,NC252-49,1,74.2,5,1.086734694,58,15
Hancock16,NC252-49,2,81,7,1.081752396,51.9,15
Hancock16,NC280-89,1,76.5,3,1.06514043,52.1,15
Hancock16,NC280-89,2,74.6,4,1.066324148,59.6,15
Hancock16,NC371-3,1,54.7,3,1.070941337,57.7,15
Hancock16,NC371-3,2,59.9,6,1.067836812,59.8,15
Hancock16,NC470-3,3,89.6,7,1.077812829,64.1,15
Hancock16,NC472-1,3,108.5,8,1.074738755,56.1,15
Hancock16,NC473-2,3,85.8,8,1.058793192,59.9,15
Hancock16,NCB3146-1,3,77.5,3,1.068832349,58.4,15
Hancock16,NCB3165-3,3,45,1,1.073428749,56.6,15
Hancock16,NCB3171-4,3,86.3,5,1.069549621,61.8,15
Hancock16,NCB3171-7,3,54.6,4,1.068288694,57.1,15
Hancock16,ND102642C-2,3,85.4,4,1.061347384,62.3,10
Hancock16,ND102858CB-2,3,67.7,2,1.064673811,61.6,15
Hancock16,ND102921C-3,3,82.6,3,1.071735687,60,15
Hancock16,ND113278-3,3,60.8,2,1.070329242,63,15
Hancock16,ND113307C-3,3,88.9,4,1.071119357,62,15
Hancock16,ND113394CAB-7,3,62.6,4,1.067936508,49,15
Hancock16,ND4100C-19,3,54.7,4,1.067314208,48.3,15
Hancock16,ND5255-59,3,53.3,1,1.06449606,51.7,15
Hancock16,NDA081453CAB-2C,1,51.8,5,1.06984127,43.8,15
Hancock16,NDA081453CAB-2C,2,48.1,5,1.066524438,50.3,15
Hancock16,NDAF113470C-3,3,72.1,2,1.065070729,53,15
Hancock16,NDTX102852CB-3Ru,3,58.4,2,1.05859662,61.2,14
Hancock16,NDTX102852CB-4Ru,3,35.1,3,1.059483726,63.4,14
Hancock16,NDTX113030C-10W,3,49.2,1,1.060939794,55.7,15
Hancock16,NDTX113030C-3W,3,56.6,5,1.072607261,55.5,15
Hancock16,NDTX113037C-3W,3,90.3,5,1.069071374,45.5,15
Hancock16,Nicolet,1,67.8,6,1.066786284,NA,15
Hancock16,Nicolet,2,62.8,6,1.066165123,60,15
Hancock16,NY154,1,83.3,6,1.068332683,65.8,15
Hancock16,NY154,2,105.8,5,1.070063694,61.5,14
Hancock16,NY162,1,68.8,4,1.069348969,57.8,15
Hancock16,NY162,2,70.9,4,1.072523585,65.3,15
Hancock16,NY163,1,83.6,3,1.075962274,65.1,15
Hancock16,NY163,2,43.7,4,1.071972488,63.7,15
Hancock16,NY165,3,89,5,NA,62.7,15
Hancock16,NYK27-3,1,103.3,5,1.076232327,67.6,14
Hancock16,NYK27-3,2,87.9,5,1.071484682,63.2,15
Hancock16,NYL17-3,1,73.5,2,1.073500199,66.7,15
Hancock16,NYL17-3,2,87.3,2,1.079854809,62.5,13
Hancock16,NYL2-12,1,68.1,1,1.076143276,64.3,15
Hancock16,NYL2-12,2,62.4,3,1.07411019,65.7,15
Hancock16,NYL8-12,1,78.9,5,1.077870656,61.8,15
Hancock16,NYL8-12,2,91.5,5,1.071413786,61.6,14
Hancock16,NYM7-4,3,77,5,1.068148148,57,15
Hancock16,NYM7-6,3,62.4,6,1.071003207,63,15
Hancock16,OR12479-5,3,85,6,1.064126745,49.2,15
Hancock16,OR9256-2,1,59.5,3,1.069934944,62.3,15
Hancock16,OR9256-2,2,69.1,5,1.073988439,61.9,15
Hancock16,Pike,1,52,5,1.074870912,59.3,13
Hancock16,Pike,2,70.4,5,1.075147027,64.3,11
Hancock16,Pike,3,71.2,4,1.075705731,57.1,13
Hancock16,Pike,3,67.2,5,1.079073101,60.1,14
Hancock16,Pinnacle,1,99.9,5,1.079020979,63.1,14
Hancock16,Pinnacle,2,93.7,5,1.076337693,62.2,12
Hancock16,Snowden,1,85.8,5,1.069018112,60.4,14
Hancock16,Snowden,2,85.3,6,1.073245952,59.1,15
Hancock16,Snowden,3,85,6,1.071806945,60.9,15
Hancock16,Snowden,3,86.2,5,1.073629821,60.5,15
Hancock16,Snowden,3,91.1,5,1.074958124,65.5,15
Hancock16,W10129-4,1,36.5,3,1.068312906,63.1,15
Hancock16,W10129-4,2,41.1,3,1.068431246,65.1,15
Hancock16,W10659-16,1,55.8,4,1.070213694,64.8,15
Hancock16,W10659-16,2,59,4,1.072782741,61.4,15
Hancock16,W10659-8,1,39.9,5,1.069105691,63.4,13
Hancock16,W10659-8,2,46,3,1.066738428,59.5,14
Hancock16,W12074-28,1,54.8,5,1.060728745,56.4,15
Hancock16,W12074-28,2,61,4,1.062823062,52.6,14
Hancock16,W12074-29,1,83.7,4,1.083613647,61.9,14
Hancock16,W12074-29,2,72.9,4,1.065974941,60,15
Hancock16,W12075-1,1,54,1,1.071686312,61.7,13
Hancock16,W12075-1,2,57,1,1.072022161,68.9,14
Hancock16,W12078-21,1,41.7,4,1.063425829,63.2,14
Hancock16,W12078-21,2,62.8,4,1.070127857,61,13
Hancock16,W12078-76,1,54.3,4,1.075885668,61.3,15
Hancock16,W12078-76,2,69.1,4,1.07839963,60.9,14
Hancock16,W12078-77,1,72.4,3,1.0765625,62.1,11
Hancock16,W12078-77,2,70.2,5,1.077324066,60.7,13
Hancock16,W12078-80,1,77.3,5,1.080915407,63.6,14
Hancock16,W12078-80,2,71.2,5,1.076832845,65.7,14
Hancock16,W12079-25,1,51.4,4,1.071755358,64.4,15
Hancock16,W12079-25,2,78.1,4,1.075321223,59.6,12
Hancock16,W12082-5,1,63.9,4,1.070001977,61.1,12
Hancock16,W12082-5,2,66.3,4,1.068451075,61.2,12
Hancock16,W12NYN25-1,1,73.9,2,1.064906709,65.1,13
Hancock16,W12NYN25-1,2,72,2,1.064303094,63.4,14
Hancock16,W12NYN25-2,1,49.6,5,1.077164121,65.6,15
Hancock16,W12NYN25-2,2,59.5,4,1.076779026,65.9,15
Hancock16,W12NYN39-2,1,77.7,4,1.069528416,54.9,12
Hancock16,W12NYN39-2,2,76.1,5,1.070011148,59.2,13
Hancock16,W12NYN40-3,1,81.8,4,1.070541994,65.3,13
Hancock16,W12NYN40-3,2,73.1,4,1.078965758,60.3,14
Hancock16,W13057-1,3,85.1,4,1.082185886,64.5,15
Hancock16,W13057-13,3,61.9,4,1.061080796,63.9,15
Hancock16,W13057-15,3,66.9,6,NA,62.3,14
Hancock16,W13057-18,3,72.9,1,1.069640914,65.2,15
Hancock16,W13057-2,3,70.7,4,1.080948313,57.1,12
Hancock16,W13057-3,3,77.8,2,1.082040341,62.2,15
Hancock16,W13057-6,3,72.9,3,1.076890844,63.2,15
Hancock16,W13057-7,3,58.2,2,1.071220648,60.8,13
Hancock16,W13057-8,3,71.3,5,1.071009772,67.4,15
Hancock16,W13058-11,3,74.7,5,1.063412958,60.5,14
Hancock16,W13058-17,3,61,1,1.068773946,63.4,15
Hancock16,W13058-18,3,54.2,4,1.07127233,59,14
Hancock16,W13058-19,3,57.5,3,1.080452546,61.3,15
Hancock16,W13058-2,3,61.3,5,1.065043817,62.9,15
Hancock16,W13058-20,3,65.5,1,1.066947368,44.2,14
Hancock16,W13058-21,3,58.1,4,1.066748067,NA,15
Hancock16,W13058-4,3,70.6,5,1.071486928,59.6,15
Hancock16,W13058-6,3,60.1,1,1.06558657,63.7,15
Hancock16,W13060-1,3,55.1,2,1.067405063,63.7,13
Hancock16,W13062-6,3,65.1,5,1.068,56.7,15
Hancock16,W13062-7,3,49.7,1,1.073261589,62.9,15
Hancock16,W13062-8,3,64.5,5,1.071199011,58.7,14
Hancock16,W13063-2,3,83.6,4,1.074478649,61.2,15
Hancock16,W13063-5,3,46.6,4,1.064938099,62.3,15
Hancock16,W13065-14,3,53.2,1,1.061273052,61.7,15
Hancock16,W13065-16,3,45.2,3,1.059308404,43.9,15
Hancock16,W13065-22,3,62.7,4,1.061478202,52.1,15
Hancock16,W13065-3,3,37,1,1.065536723,52.3,15
Hancock16,W13065-4,3,48.9,6,1.062302985,62.9,15
Hancock16,W13065-5,3,55.7,5,1.064716312,55.6,15
Hancock16,W13066-4,3,48.7,4,1.07067953,61.2,15
Hancock16,W13068-10,3,52.5,2,1.070546368,64.6,15
Hancock16,W13068-3,3,75.9,4,1.069767442,61.4,15
Hancock16,W13068-4,3,59.2,5,1.065453826,63.1,15
Hancock16,W13069-5,3,59.9,4,1.07054735,62.2,15
Hancock16,W13070-10,3,60.4,5,1.069128205,59.3,12
Hancock16,W13070-11,3,62.6,3,1.073496659,62.6,15
Hancock16,W13070-14,3,46.2,2,1.06469435,60.6,15
Hancock16,W13070-21,3,93,6,1.073790823,58.2,13
Hancock16,W13070-5,3,58.9,2,1.06733956,61.3,14
Hancock16,W13070-6,3,35.1,2,1.055356432,54.8,13
Hancock16,W13070-9,3,75.9,4,1.061453449,61.5,15
Hancock16,W13071-3,3,69.1,1,1.072727273,57.2,14
Hancock16,W13071-4,3,57.6,1,1.067255874,65,15
Hancock16,W13071-5,3,84.1,5,1.070579762,62.3,13
Hancock16,W13071-8,3,54.6,2,1.069852941,63.6,15
Hancock16,W13074-3,3,70.2,1,1.070508316,57.2,15
Hancock16,W13078-2,3,58,4,1.074385511,62.1,15
Hancock16,W13078-5,3,61.8,4,1.0739522,66.7,14
Hancock16,W13079-2,3,58.1,2,1.072487263,63.1,15
Hancock16,W13080-2,3,67.8,5,1.064969697,57.4,15
Hancock16,W13082-2,3,38.6,1,1.080136819,64.1,15
Hancock16,W13083-3,3,81.6,6,1.068522871,66.4,13
Hancock16,W13086-1,3,62.3,3,1.066276089,64,15
Hancock16,W13091-8,3,73,5,1.066105339,64.2,14
Hancock16,W13093-1,3,50.4,4,1.082206255,63.7,13
Hancock16,W13095-3,3,56.6,4,1.066063803,63.4,15
Hancock16,W13095-4,3,54.1,2,1.070458209,65.6,15
Hancock16,W13096-1,3,39,4,1.066063348,59.7,11
Hancock16,W13NYP101-3,3,57.3,1,1.069160998,63.9,15
Hancock16,W13NYP102-7,3,64.2,6,1.078953014,62.3,15
Hancock16,W13NYP102-8,3,72.8,6,1.07044741,67.9,15
Hancock16,W13NYP106-1,3,51,6,1.073772644,58.2,15
Hancock16,W13NYP106-2,3,65.5,1,1.070786517,56.6,15
Hancock16,W13NYP106-5,3,55.8,4,1.06505267,52.1,15
Hancock16,W13NYP111-1,3,61.2,7,1.07010978,65.4,15
Hancock16,W13NYP111-4,3,75.8,4,1.073248408,61.4,15
Hancock16,W13NYP111-5,3,49.8,6,NA,58.9,15
Hancock16,W13NYP112-1,3,80.6,4,1.068172965,60.2,15
Hancock16,W13NYP114-5,3,83.7,5,1.059633971,57.5,15
Hancock16,W13NYP117-2,3,72.5,4,1.068432203,66,14
Hancock16,W13NYP12-2,3,80.5,5,1.078866073,63.9,15
Hancock16,W13NYP18-1,3,57.2,3,1.080130826,61.5,15
Hancock16,W13NYP19-10,3,75.7,5,1.069910147,61.8,14
Hancock16,W13NYP19-2,3,99.9,3,1.076408035,63.9,14
Hancock16,W13NYP19-3,3,66.1,2,1.067764257,NA,15
Hancock16,W13NYP21-1,3,60.6,4,1.073364008,67.6,15
Hancock16,W6822-3,1,58.8,1,1.078557203,61.7,15
Hancock16,W6822-3,2,56.2,4,1.07450807,60.8,14
Hancock16,W8822-1,1,74.7,5,1.07666527,60.9,13
Hancock16,W8822-1,2,70.5,4,1.074098077,58.5,14
Hancock16,W9891-1,1,58.5,7,1.070479705,60,15
Hancock16,W9891-1,2,55.9,4,1.070349386,59.4,13
Hancock16,W9905-3,1,59.4,5,1.06741573,63.9,15
Hancock16,W9905-3,2,57.1,5,1.070784788,63.7,15
Hancock16,W9968-5,1,68.7,6,1.079047218,62.8,15
Hancock16,W9968-5,2,69.8,5,1.080057038,59.3,15
Hancock16,WAF12065-8,3,65.9,6,1.06757043,62.9,15
Hancock16,WTX10666-8W,3,50.4,2,NA,60.9,15
Hancock17,AF5429-3,4,47,5,1.077,63.8,15
Hancock17,AF5429-3,5,61.5,3,1.078,63.7,13
Hancock17,AF5484-3,4,57.7,6,1.079,61,15
Hancock17,AF5484-3,5,77.8,5,1.086,66.2,13
Hancock17,AF5563-2,4,57.3,5,1.075,67.2,14
Hancock17,AF5563-2,5,42.3,3,1.074,65.2,14
Hancock17,AF5563-5,4,41.8,4,1.069,67.1,14
Hancock17,AF5583-3,4,45.2,4,1.081,63.8,15
Hancock17,AF5583-3,5,41.5,5,1.085,65,15
Hancock17,AF5648-3,4,45,5,1.087,73.1,15
Hancock17,AF5648-3,5,54.1,4,1.077,62.7,13
Hancock17,AF5682-5,4,43,1,1.072,67.6,13
Hancock17,AF5682-5,5,47.2,2,1.075,67.4,14
Hancock17,AF5801-1,5,77.3,6,1.086,64.5,13
Hancock17,AF5819-6,4,65.8,5,1.078,64.1,15
Hancock17,AF5825-3,5,57.3,4,1.094,65,14
Hancock17,AF5846-3,4,51.1,1,1.064,62.2,15
Hancock17,AF5846-4,5,64.9,4,1.062,64.1,14
Hancock17,AFC5687-2W,5,43.4,6,1.074,68.6,15
Hancock17,AOR09034-3,4,61.1,2,1.077,63.2,15
Hancock17,AOR09034-3,5,79,3,1.079,64.3,13
Hancock17,AOR11470-1,4,56.6,6,1.101,61.4,12
Hancock17,AOR11470-1,5,62.3,8,1.107,69.6,14
Hancock17,AOR11484-2,4,68,1,1.078,67.4,12
Hancock17,AOR11484-2,5,62.1,1,1.078,65.7,15
Hancock17,AOR11488-1,4,36.4,1,1.079,60.5,15
Hancock17,AOR11488-1,5,50,3,1.082,59,14
Hancock17,AORTX09032-3W,4,44.7,7,1.092,68.3,15
Hancock17,AORTX09032-3W,5,41.5,6,1.09,65.6,15
Hancock17,AORTX09033-11W,4,33.1,2,1.082,62.8,13
Hancock17,AORTX09033-4W,4,50.2,4,1.082,60.4,15
Hancock17,AORTX09033-4W,5,62,5,1.085,63.5,14
Hancock17,AORTX09037-1W,4,43.7,3,1.077,64.9,15
Hancock17,AORTX09037-1W,5,40.8,3,1.077,63.4,15
Hancock17,AORTX09037-4W/Y,4,66.2,4,1.084,63.5,15
Hancock17,AORTX09037-4W/Y,5,71.5,4,1.074,66.4,13
Hancock17,AORTX09037-5W/Y,5,53.7,1,1.075,63.1,14
Hancock17,AORTX09144-2W,4,50.7,5,1.083,62,14
Hancock17,AORTX10247-1W/Y,4,56,5,1.084,65.2,12
Hancock17,AORTX10247-1W/Y,5,44,4,1.083,62.9,14
Hancock17,Atlantic,1,70.9,6,1.072,59.5,13
Hancock17,Atlantic,2,59.5,6,1.081,61.5,13
Hancock17,Atlantic,3,62.6,3,1.071,63.3,14
Hancock17,Atlantic,4,50.1,3,1.079,62.1,15
Hancock17,Atlantic,5,56,4,1.083,NA,15
Hancock17,B2869-29,4,73.5,3,1.091,61.8,12
Hancock17,B2869-29,5,49.4,4,1.09,64.4,15
Hancock17,B2904-2,4,70.3,3,1.069,64.6,13
Hancock17,B2904-2,5,55.9,2,1.072,64.1,14
Hancock17,B3174-4,4,42,1,1.078,65.7,15
Hancock17,B3176-1,5,56.6,5,1.086,62.4,15
Hancock17,B3176-2,4,55.1,6,1.081,61.5,14
Hancock17,B3181-7,5,41.3,1,1.078,68.2,14
Hancock17,B3182-1,4,43.2,2,1.082,63,15
Hancock17,B3183-6,5,71.8,3,1.08,61.7,12
Hancock17,B3194-1,4,50.1,3,1.083,66.6,14
Hancock17,B3223-5,5,44.6,1,1.077,61.7,14
Hancock17,BNC311-4,4,59.3,1,1.077,61.4,15
Hancock17,BNC311-4,5,60.1,2,1.071,64.3,15
Hancock17,BNC537-5,4,59.9,1,1.08,58,14
Hancock17,BNC541-5,5,29.1,1,1.086,63.1,15
Hancock17,BNC544-2,4,NA,1,1.085,67.2,9
Hancock17,BNC549-1,5,35.4,1,1.084,64.2,14
Hancock17,CO10073-7W,4,43.4,2,1.074,64.9,15
Hancock17,CO10073-7W,5,46.2,2,1.074,64.9,13
Hancock17,CO10076-4W,4,60.4,4,1.068,64.7,15
Hancock17,CO10076-4W,5,51.1,4,1.07,65.4,13
Hancock17,CO11023-2W,4,44.9,4,1.079,67.4,15
Hancock17,CO11023-9W,5,43,5,1.073,58.1,15
Hancock17,CO11037-5W,4,46.6,3,1.076,65.3,14
Hancock17,CO11048-8W,5,55.2,5,1.07,66.8,15
Hancock17,CO11074-1W,4,35.6,3,1.071,65.1,15
Hancock17,CO11087-1W,5,44,5,1.077,66.4,14
Hancock17,COTX12235-2W,5,36,3,1.063,68.8,14
Hancock17,COTX12428-1W,4,NA,4,1.086,62.9,7
Hancock17,Hodag,1,77,5,1.081,63.6,10
Hancock17,Hodag,2,NA,6,1.077,61.6,5
Hancock17,Hodag,3,72.9,5,1.079,64.3,13
Hancock17,Lamoka,1,63.3,3,1.073,67.5,12
Hancock17,Lamoka,2,59.2,4,1.076,63.1,14
Hancock17,Lamoka,3,47.8,3,1.077,65.9,14
Hancock17,Lamoka,4,48.8,4,1.082,64.7,14
Hancock17,Lamoka,5,60.3,6,1.08,61.4,12
Hancock17,MSAFB610-4,4,65.4,6,1.083,60,15
Hancock17,MSAFB611-5,5,43.3,4,1.092,70.1,14
Hancock17,MSAFB614-4,4,53.5,6,1.079,63.2,14
Hancock17,MSAFB614-6,5,71.9,6,1.081,66.7,12
Hancock17,MSAFB618-2,4,44.9,5,1.094,67.1,14
Hancock17,MSAFB618-3,5,71.9,6,1.086,70.4,11
Hancock17,MSAFB626-2,4,75,6,1.076,62.9,15
Hancock17,MSAFB626-5,5,54,4,1.073,57.8,15
Hancock17,MSAFB626-8,4,52.6,6,1.072,62.5,15
Hancock17,MSAFB635-3,5,49.5,4,1.079,63.1,15
Hancock17,MST437-1,5,38.6,6,1.088,66.7,15
Hancock17,MSV016-2,4,41.8,4,1.082,61.7,13
Hancock17,MSV177-1,4,47,2,1.077,64.5,15
Hancock17,MSV380-1,5,42.3,5,1.079,63.8,14
Hancock17,MSV505-2,4,26,1,1.079,64.1,15
Hancock17,MSV507-001,4,58.8,5,1.089,65.4,13
Hancock17,MSV507-003,5,54.4,4,1.088,64.3,13
Hancock17,MSV507-012,4,45.1,5,1.08,61,15
Hancock17,MSV507-073,5,56.1,6,1.088,67.4,14
Hancock17,MSV507-128,5,50.1,5,1.072,64.3,13
Hancock17,MSW004-1,4,57.6,7,1.085,63.8,13
Hancock17,MSW294-1,5,57.4,5,1.08,61.2,13
Hancock17,MSW324-1,4,57.1,6,1.081,63.6,14
Hancock17,MSW474-1,5,59.6,4,1.079,69.9,13
Hancock17,MSW501-2,4,50.8,4,1.078,65.7,14
Hancock17,MSX042-3,5,32.2,3,1.084,67,15
Hancock17,MSX111-3,4,57.8,6,1.091,67,15
Hancock17,MSX225-2,5,60.3,6,1.083,67.9,15
Hancock17,MSX277-1,4,46.3,3,1.083,67.3,15
Hancock17,MSX345-6Y,5,53.3,6,1.085,59.9,13
Hancock17,MSX526-1,4,64.4,3,1.077,62.9,13
Hancock17,MSX542-2,5,44.4,4,1.077,68.2,15
Hancock17,MSY022-2,4,61.7,5,1.082,67.3,15
Hancock17,MSY041-1,5,56.6,4,1.078,64.3,15
Hancock17,MSY156-2,4,58.6,6,1.08,67.2,15
Hancock17,MSZ013-3,5,51.8,1,1.072,64.8,15
Hancock17,MSZ022-16,4,54.6,5,1.08,67.6,15
Hancock17,MSZ042-7,5,61.3,5,1.09,61.4,13
Hancock17,MSZ052-02,4,55,3,1.076,65.2,15
Hancock17,MSZ052-02,5,67.2,4,1.078,66.9,14
Hancock17,MSZ052-11,4,59.6,6,1.071,62.1,14
Hancock17,MSZ052-11,5,71.3,6,1.07,61.1,15
Hancock17,MSZ063-2,4,56.2,5,1.088,67,15
Hancock17,MSZ118-1,5,50.9,4,1.082,62.6,15
Hancock17,MSZ118-8,4,45.6,5,1.079,61.9,15
Hancock17,MSZ154-1,5,67.7,5,1.079,65.3,12
Hancock17,MSZ157-3,4,37.8,1,1.069,64.4,14
Hancock17,MSZ159-3,5,56.2,2,1.086,65.7,13
Hancock17,MSZ194-2,4,49.4,5,1.078,65.3,15
Hancock17,MSZ242-07,4,64.5,6,1.088,64.3,13
Hancock17,MSZ242-07,5,44.4,6,1.086,62.7,15
Hancock17,MSZ242-09,5,54.9,5,1.09,62.3,15
Hancock17,MSZ242-13,4,37.4,4,1.091,64.4,14
Hancock17,MSZ242-13,5,49.7,5,1.089,66.3,14
Hancock17,MSZ246-1,4,47.2,3,1.085,63.3,14
Hancock17,MSZ251-1,4,42.5,3,1.083,67.4,13
Hancock17,MSZ251-1,5,52.5,2,1.082,66.4,13
Hancock17,MSZ269-18,5,44.5,3,1.078,65,15
Hancock17,MSZ424-13,4,38.4,4,1.093,65.8,14
Hancock17,NC470-3,4,72.1,8,1.078,59.4,15
Hancock17,NC470-3,5,74.3,8,1.087,59.8,14
Hancock17,NC472-1,4,81.6,6,1.076,64.1,15
Hancock17,NC472-1,5,79.3,5,1.077,66.2,14
Hancock17,NC473-2,4,69.2,7,1.067,65.7,15
Hancock17,NC473-2,5,66.7,5,1.068,67.7,15
Hancock17,NCB3171-7,4,45.4,5,1.079,62.3,15
Hancock17,NCB3171-7,5,61.9,4,1.078,63.7,15
Hancock17,ND0102642C-2,5,51.4,3,1.074,69.5,14
Hancock17,ND0102642C-2,5,61.2,3,1.078,66.9,12
Hancock17,ND092018C-2,5,44.5,2,1.085,65.8,14
Hancock17,ND113278-3,5,54.8,2,1.073,66.8,14
Hancock17,ND113278-3,5,50.7,2,1.075,59.7,14
Hancock17,ND113386Ab-5,5,52,3,1.076,61.6,14
Hancock17,ND113509C-2,5,47.5,1,1.079,66.2,15
Hancock17,ND12180ABC-8,5,52.8,3,1.08,66.3,15
Hancock17,ND12209C-3,5,62.5,5,1.082,69.1,12
Hancock17,ND124C-1,5,56.1,3,1.083,66.6,15
Hancock17,NDAF113470C-3,4,50.8,3,1.076,63.6,15
Hancock17,NDAF113470C-3,5,64.4,3,1.076,66.3,15
Hancock17,NDAF113490C-6,4,50.5,2,1.081,64.9,15
Hancock17,NDAF113491C-6,5,51.5,5,1.081,61.5,15
Hancock17,NDAF12139C-2,4,55,3,1.079,61.2,15
Hancock17,NDTX113030C-3W,4,46.9,2,1.083,63.8,14
Hancock17,NDTX113030C-3W,5,54.5,2,1.081,62.1,12
Hancock17,NDTX113467CB-1W,5,55.8,3,1.093,66.4,15
Hancock17,NDTX12203AB-1W,4,51.1,2,1.077,64.2,15
Hancock17,NDTX1244-3W/Y,5,82.1,6,1.082,55.7,13
Hancock17,NDTX1246-3W/Y,4,61,2,1.084,62.5,13
Hancock17,NY163,4,58,3,1.088,66,15
Hancock17,NY163,5,65.9,4,1.085,65.2,13
Hancock17,NY165,4,56.1,5,1.074,63.4,14
Hancock17,NY165,5,74.4,3,1.077,61.4,13
Hancock17,NY168,5,50.5,4,1.087,68,15
Hancock17,NYL8-12,4,56.2,4,1.078,65.5,15
Hancock17,NYL8-12,5,62.1,5,1.081,56.6,14
Hancock17,NYM15-3,5,46.1,2,1.089,66,15
Hancock17,NYM18-2,4,56.5,4,1.086,64.2,14
Hancock17,NYM7-4,4,61.6,6,1.081,65,14
Hancock17,NYM7-4,5,63.2,5,1.081,68.8,15
Hancock17,NYN11-4,4,58.6,5,1.082,64.4,14
Hancock17,NYN24-2,5,62.2,5,1.09,66.7,14
Hancock17,NYN25-1,4,48.3,4,1.076,67,14
Hancock17,NYN44-7,4,46.1,4,1.078,68.4,10
Hancock17,NYN52-5,5,57.2,5,1.081,67,14
Hancock17,NYN6-2,5,83.2,6,1.083,64.7,14
Hancock17,Petoskey,5,42.5,5,1.084,65.2,14
Hancock17,Snowden,1,69.1,5,1.073,66.2,14
Hancock17,Snowden,2,58.9,5,1.076,63.3,14
Hancock17,Snowden,3,68.4,4,1.076,68.5,13
Hancock17,Snowden,4,63,3,1.079,63.9,14
Hancock17,Snowden,5,58.5,3,1.075,67.4,14
Hancock17,TX13563-1W,5,34.6,1,1.078,64.5,15
Hancock17,W10659-16,4,50.3,2,1.07,66,14
Hancock17,W10659-16,5,46.8,5,1.077,63.1,12
Hancock17,W12078-76,5,59.4,5,1.09,64.3,15
Hancock17,W12078-77,4,42.9,3,1.086,64.3,12
Hancock17,W12082-5,5,38,3,1.081,60.9,14
Hancock17,W12NYN25-1,4,56.4,4,1.077,67.1,14
Hancock17,W12NYN39-2,5,57,4,1.078,62.6,13
Hancock17,W12NYN40-3,4,51.4,4,1.08,59.8,15
Hancock17,W13057-2,2,66.4,3,1.089,63.3,12
Hancock17,W13057-3,2,52.5,3,1.087,66.8,13
Hancock17,W13058-19,3,59.1,2,1.086,66.2,12
Hancock17,W13058-2,1,43,1,1.074,61.7,13
Hancock17,W13058-21,3,47.9,2,1.074,62.9,13
Hancock17,W13058-4,3,62.2,2,1.085,66.7,12
Hancock17,W13058-6,1,40.4,1,1.078,63.8,15
Hancock17,W13069-5,2,59.3,4,1.081,65.5,12
Hancock17,W13070-10,1,73,5,1.073,65.8,10
Hancock17,W13070-21,1,73.4,3,1.082,61.6,13
Hancock17,W13071-3,2,58,1,1.075,64.1,10
Hancock17,W13071-4,3,50.6,1,1.077,64.9,13
Hancock17,W13078-5,2,58.5,2,1.088,66.5,14
Hancock17,W13080-2,1,64.4,6,1.057,56.7,10
Hancock17,W13083-3,1,NA,4,1.07,65.8,9
Hancock17,W13086-1,2,58.7,3,1.07,60.8,13
Hancock17,W13091-8,1,65.9,4,1.074,61.1,15
Hancock17,W13NYP102-7,2,62.1,7,1.091,63.2,15
Hancock17,W13NYP102-8,2,68.8,3,1.077,68.3,10
Hancock17,W13NYP106-2,3,59.4,4,1.074,61.1,11
Hancock17,W13NYP117-2,1,73.8,4,1.073,64.2,15
Hancock17,W13NYP12-2,3,53.7,4,1.087,63.2,13
Hancock17,W13NYP19-10,3,69.6,7,1.08,66.9,12
Hancock17,W13NYP19-2,3,84.6,6,1.084,66,12
Hancock17,W14067-1,2,68.9,5,1.071,60.6,13
Hancock17,W14067-11,1,72.7,1,1.07,61.6,12
Hancock17,W14067-3,3,51.8,3,1.058,61.5,14
Hancock17,W14068-5,3,69.6,6,1.073,64.5,13
Hancock17,W14069-1,2,50.2,2,1.071,62.9,15
Hancock17,W14069-2,3,68.3,6,1.081,63.1,15
Hancock17,W14070-1,1,61.2,2,1.074,59.6,12
Hancock17,W14074-1,2,55.2,1,1.079,66.2,13
Hancock17,W14074-4,3,39.1,1,1.074,66.6,13
Hancock17,W14074-5,1,48.7,5,1.079,67.4,15
Hancock17,W14074-8,2,47.9,3,1.066,61.4,11
Hancock17,W14075-1,3,37.7,2,1.076,63.1,14
Hancock17,W14076-1,1,59.2,2,1.075,54.8,12
Hancock17,W14076-4,1,52.9,2,1.075,63.2,15
Hancock17,W14076-7,2,62.1,3,1.074,63.4,13
Hancock17,W14076-8,2,46.4,2,1.078,63.9,14
Hancock17,W14084-1,3,56.7,3,1.072,65.4,15
Hancock17,W14087-1,1,38.8,2,1.083,65.2,13
Hancock17,W14090-2,3,68.5,5,1.073,64.5,15
Hancock17,W14090-3,2,65.5,3,1.069,66.6,14
Hancock17,W14090-4,3,65.7,6,1.069,65.7,14
Hancock17,W14182-11,1,59.3,5,1.086,65.9,15
Hancock17,W14182-15,2,64.5,2,1.074,64.7,12
Hancock17,W14182-6,1,62,6,1.073,61.1,15
Hancock17,W14182-7,2,59.4,4,1.066,59.7,14
Hancock17,W14182-9,3,62.4,5,1.07,61.5,13
Hancock17,W14183-2,3,68.8,6,1.076,62.7,15
Hancock17,W14183-3,1,68.1,4,1.08,65.6,13
Hancock17,W14184-2,2,71.3,3,1.071,59.6,12
Hancock17,W14184-3,3,53,4,1.077,62.6,12
Hancock17,W14184-5,1,50.8,4,1.072,64.6,13
Hancock17,W14184-7,2,63.5,6,1.085,66.5,14
Hancock17,W14184-9,3,65.9,4,1.076,61.5,15
Hancock17,W14185-3,1,82,5,1.082,64.2,13
Hancock17,W14186-11,2,43.8,1,1.074,63.2,14
Hancock17,W14186-12,3,66.3,1,1.069,63.4,11
Hancock17,W14186-20,1,74.8,6,1.078,53.6,14
Hancock17,W14186-21,2,57.2,5,1.081,64.3,15
Hancock17,W14186-26,3,44.7,1,1.067,65.1,13
Hancock17,W14187-11,3,66.7,4,1.074,60.2,12
Hancock17,W14187-14,1,63.8,3,1.082,62.6,13
Hancock17,W14187-16,1,105.4,5,1.071,63.2,10
Hancock17,W14187-17,2,47.3,5,1.068,58.4,14
Hancock17,W14187-2,1,58.2,3,1.079,65.1,13
Hancock17,W14187-21,3,71,4,1.079,64.3,13
Hancock17,W14187-30,1,80.3,3,1.071,59.8,13
Hancock17,W14187-6,2,65,4,1.075,58.3,12
Hancock17,W14190-1,2,50.3,1,1.078,65.7,13
Hancock17,W14190-10,3,76.8,5,1.077,61.3,12
Hancock17,W14190-15,1,72.5,3,1.072,64.7,15
Hancock17,W14190-16,2,55.7,4,1.082,63,11
Hancock17,W14193-14,1,64.3,2,1.071,59.4,13
Hancock17,W14193-18,2,67.9,4,1.076,59.2,13
Hancock17,W14193-7,2,63.3,4,1.067,60,13
Hancock17,W14193-8,3,69.8,6,1.078,64.1,15
Hancock17,W14194-2,3,51.6,3,1.072,65.8,13
Hancock17,W14194-7,1,72.9,6,1.076,63.3,15
Hancock17,W14AF5919-2,2,63.1,5,1.057,65.6,13
Hancock17,W14AF5925-2,3,72.2,5,1.063,64.7,14
Hancock17,W14AF5934-2,1,47.8,6,1.08,55.8,14
Hancock17,W14AF5934-3,2,74.7,7,1.076,68.1,14
Hancock17,W14AF5934-4,3,65.8,3,1.068,63.7,12
Hancock17,W14AF5934-5,1,59,7,1.073,66,14
Hancock17,W14AF5938-11,3,61.9,2,1.075,65.1,14
Hancock17,W14AF5938-3,2,49.2,2,1.074,64.9,15
Hancock17,W14AF5945-5,1,NA,5,1.07,65.3,9
Hancock17,W14AF5947-1,2,57,4,1.084,63.2,15
Hancock17,W14AF5947-2,3,47.6,1,1.063,65.8,15
Hancock17,W14AF5948-1,3,49.5,2,1.069,65.8,14
Hancock17,W14AF5949-2,1,52.1,2,1.073,61.7,14
Hancock17,W14AF5953-3,2,42.3,1,1.09,63.1,14
Hancock17,W14AF5954-2,3,60.8,6,1.072,66.2,15
Hancock17,W14AF5955-3,1,75.9,6,1.081,64.7,12
Hancock17,W14AF5955-5,2,62.9,3,1.075,67.3,15
Hancock17,W14AF5970-4,3,NA,5,1.079,66.8,9
Hancock17,W14AF5971-3,1,35.3,1,1.076,65.3,13
Hancock17,W14AF5992-1,2,NA,2,1.069,60.9,9
Hancock17,W14AF5992-2,3,58.2,3,1.079,65.2,14
Hancock17,W14AF5995-2,1,45.7,7,1.082,64.1,14
Hancock17,W14AF5996-2,2,41.5,6,1.076,64.4,14
Hancock17,W14AF5997-1,3,49.1,6,1.076,64.3,15
Hancock17,W14AF6002-2,1,46.9,2,1.082,63.9,15
Hancock17,W14AF6003-1,1,64.1,4,1.074,67.7,15
Hancock17,W14AF6003-2,2,69.1,4,1.074,68.7,14
Hancock17,W14AF6013-1,3,64.9,3,1.069,63,13
Hancock17,W14AF6016-2,1,64.5,2,1.076,65.8,15
Hancock17,W14AF6018-1,2,61.7,6,1.087,66.8,12
Hancock17,W14AF6029-1,3,49.2,2,1.072,63,13
Hancock17,W14AF6037-1,2,93.1,6,1.083,64.8,11
Hancock17,W14AF6037-2,1,65.5,6,1.041,62.6,14
Hancock17,W14AF6037-5,2,55.5,2,1.076,62.6,15
Hancock17,W14NYQ102-6,1,60.5,4,1.078,64.5,14
Hancock17,W14NYQ102-9,2,57.2,5,1.075,64.4,15
Hancock17,W14NYQ104-4,3,78.9,5,1.074,66.8,13
Hancock17,W14NYQ104-5,1,64.8,2,1.07,68.2,11
Hancock17,W14NYQ17-1,1,47.5,6,1.08,63.2,15
Hancock17,W14NYQ19-4,2,52.8,3,1.065,59.6,11
Hancock17,W14NYQ22-5,3,62.6,4,1.07,53.4,12
Hancock17,W14NYQ23-11,2,50.8,6,1.089,62.1,14
Hancock17,W14NYQ23-13,3,58.1,3,1.08,63,14
Hancock17,W14NYQ23-6,1,46.7,6,1.075,63.2,15
Hancock17,W14NYQ28-3,1,NA,6,1.074,69.5,8
Hancock17,W14NYQ29-5,2,82,6,1.076,64.6,14
Hancock17,W14NYQ29-6,3,54.5,6,1.075,65.2,12
Hancock17,W14NYQ29-7,1,63.9,3,1.077,62.2,15
Hancock17,W14NYQ3-1,3,58.5,4,1.073,67.3,14
Hancock17,W14NYQ30-5,2,76.2,4,1.08,62.6,14
Hancock17,W14NYQ30-6,3,80.3,5,1.073,63.7,14
Hancock17,W14NYQ30-8,1,61.4,4,1.078,64.6,14
Hancock17,W14NYQ34-2,2,80.5,5,1.084,63.5,13
Hancock17,W14NYQ38-14,2,96.1,5,1.071,64.5,11
Hancock17,W14NYQ38-17,3,53.2,2,1.075,65.5,14
Hancock17,W14NYQ38-2,3,53.9,2,1.069,65.4,12
Hancock17,W14NYQ38-8,1,58.9,3,1.07,56.4,10
Hancock17,W14NYQ4-1,1,55.5,5,1.082,68.2,15
Hancock17,W14NYQ4-3,2,NA,4,1.074,59,5
Hancock17,W14NYQ4-4,3,61.2,5,1.087,64.6,13
Hancock17,W14NYQ4-5,1,60.4,6,1.076,65.7,14
Hancock17,W14NYQ5-5,3,83.4,4,1.079,65.8,10
Hancock17,W14NYQ6-3,2,80.8,5,1.081,67.1,13
Hancock17,W14NYQ7-1,3,60.7,6,1.089,63.6,14
Hancock17,W14NYQ7-2,1,96,7,1.076,65.1,10
Hancock17,W14NYQ7-5,2,53.2,4,1.074,65.1,15
Hancock17,W14NYQ8-18,2,50.1,4,1.07,65.7,15
Hancock17,W14NYQ8-2,3,37.5,4,1.069,64.1,10
Hancock17,W14NYQ8-4,1,89.9,7,1.072,63.4,11
Hancock17,W14NYQ9-2,3,92.2,6,1.077,64.9,14
Hancock17,W14NYQ9-3,1,79.6,7,1.089,68.4,13
Hancock17,W14NYQ9-4,2,57.9,2,1.079,63.6,13
Hancock17,W9968-5,1,71.7,6,1.079,64.4,15
Hancock17,W9968-5,2,83,6,1.083,64.1,12
Hancock17,W9968-5,3,60.7,4,1.08,64.3,14
Hancock17,WAF13066-2,5,64.6,3,1.086,63,14
Hancock17,WAF13076-2,4,66.2,1,1.081,64.1,15
Hancock18,A11516-1C,4,45.7,3,1.07,52.4,15
Hancock18,A11520-1C,5,58.2,3,1.056,51.4,15
Hancock18,AF5563-2,4,57.2,3,1.07,61.8,12
Hancock18,AF5563-2,5,52.6,3,1.069,60.5,11
Hancock18,AF5563-5,4,47.8,5,1.062,59.6,15
Hancock18,AF5563-5,5,38.3,3,1.057,61,15
Hancock18,AF5635-8,4,59.1,6,1.081,60.2,15
Hancock18,AF5677-4,4,55.6,4,1.07,50.4,15
Hancock18,AF5819-2,5,80.6,5,1.066,54.4,15
Hancock18,AF5825-3,4,61.1,4,1.087,56.4,15
Hancock18,AF5938-6,4,54.7,6,1.065,58.4,15
Hancock18,AF6027-2,4,55.4,3,1.067,61.3,15
Hancock18,AF6037-2,5,50.5,3,1.073,57.5,15
Hancock18,AF6037-3,5,52.3,4,1.049,57.4,14
Hancock18,AFC5687-2W,4,45.2,3,1.067,57.1,15
Hancock18,AFC5687-2W,5,46.2,6,1.064,57.7,12
Hancock18,AOR09034-3,4,NA,7,1.071,54.7,5
Hancock18,AOR12197-4,4,58.9,6,1.073,59.5,15
Hancock18,AOR12197-4,5,63.9,4,1.065,54.4,10
Hancock18,AORTX09037-5W/Y,4,61.1,4,1.072,59.7,15
Hancock18,AORTX09037-5W/Y,5,48.7,4,1.067,60,15
Hancock18,AORTX09144-2W,4,46.6,6,1.066,54.2,14
Hancock18,AORTX09144-2W,5,43.5,6,1.072,52.7,14
Hancock18,Atlantic,1,55.7,4,1.067,54.6,15
Hancock18,Atlantic,2,46.9,5,1.075,NA,15
Hancock18,Atlantic,3,51.1,4,1.079,54.8,15
Hancock18,Atlantic,4,52.4,4,1.072,55.9,15
Hancock18,Atlantic,5,43.5,5,1.074,55.8,15
Hancock18,B2904-2,4,61.6,3,1.072,52.4,15
Hancock18,B2904-2,5,54.8,3,1.07,49.8,15
Hancock18,B3012-1,4,59.7,1,1.072,48.8,15
Hancock18,B3012-1,5,65.8,1,1.074,51.5,15
Hancock18,B3183-6,4,61.4,5,1.072,60.3,15
Hancock18,B3183-6,5,50.1,4,1.08,58,15
Hancock18,B3296-3,5,40.9,2,1.072,55,15
Hancock18,B3297-1,5,33.5,3,1.072,54.9,13
Hancock18,B3305-1,5,44.8,4,1.075,58,12
Hancock18,BNC544-2,4,35,2,1.08,59.6,15
Hancock18,BNC544-2,5,40.7,1,1.079,58.6,15
Hancock18,CO10073-7W,4,58.3,3,1.07,59.2,15
Hancock18,CO10073-7W,5,51.8,4,1.07,56.3,15
Hancock18,CO10076-4W,4,47.3,3,1.061,58.6,15
Hancock18,CO10076-4W,5,48.4,4,1.064,59,15
Hancock18,CO11023-2W,4,38.4,6,1.074,58.4,12
Hancock18,CO11023-2W,5,47.6,6,1.073,57.4,12
Hancock18,CO11023-9W,4,39.1,7,1.072,53.4,13
Hancock18,CO11037-5W,4,51.9,6,1.071,55.8,15
Hancock18,CO11037-5W,5,50.3,5,1.071,57.1,15
Hancock18,COOR13428-1,5,NA,2,1.074,62.9,9
Hancock18,COTX12235-2W,4,43.9,2,1.068,58.3,12
Hancock18,COTX12235-2W,5,32.4,5,1.064,57.3,15
Hancock18,COTX12428-1W,4,NA,4,1.07,50.1,6
Hancock18,COTX12428-1W,5,NA,5,1.062,55.6,6
Hancock18,Hodag,1,40.4,5,1.072,53.5,15
Hancock18,Hodag,2,41.8,5,1.067,50.8,13
Hancock18,Hodag,3,39.1,2,1.072,50.5,15
Hancock18,Lamoka,1,42.1,3,1.074,63.8,15
Hancock18,Lamoka,2,36.5,3,1.069,62.5,15
Hancock18,Lamoka,3,32.2,2,1.075,56.3,15
Hancock18,Lamoka,4,34.9,3,1.073,60,15
Hancock18,Lamoka,5,32,2,1.073,62.8,13
Hancock18,MSAA038-09Y,5,59,7,1.071,63.1,10
Hancock18,MSAA072-05,4,40,4,1.074,61.8,15
Hancock18,MSAA076-04,5,49,4,1.07,47.8,14
Hancock18,MSAA091-01,5,NA,3,1.07,57.8,6
Hancock18,MSAA241-01,5,NA,5,1.062,42.3,8
Hancock18,MSAA260-03,5,48.1,7,1.072,56.6,12
Hancock18,MSAA271-05,5,50.3,5,1.057,55.7,14
Hancock18,MSAA290-02,4,37.5,7,1.066,47.8,12
Hancock18,MSAA313-01,5,NA,2,NA,57.3,7
Hancock18,MSAA328-04,4,55.5,5,1.069,59.8,14
Hancock18,MSAA342-02,4,NA,8,1.07,55.6,7
Hancock18,MSAA498-07,5,33.6,6,1.073,51.3,11
Hancock18,MSAA556-03Y,4,43.8,4,1.065,56,15
Hancock18,MSAA678-01,4,47.7,4,1.077,59.2,15
Hancock18,MSAA725-03,5,39.1,4,1.065,59.3,15
Hancock18,MSAFB605-4,4,54.3,5,1.074,59.9,15
Hancock18,MSAFB609-12,5,32.7,4,1.072,58.3,15
Hancock18,MSAFB609-5,5,58.3,4,1.072,56.8,15
Hancock18,MSAFB610-2,4,48.3,6,1.069,53.9,15
Hancock18,MSAFB610-4,4,74,6,1.072,57.8,15
Hancock18,MSAFB614-4,5,50.6,4,1.068,52.5,15
Hancock18,MSAFB614-6,4,59.8,5,1.076,57.4,11
Hancock18,MSAFB618-2,4,42,4,1.075,59.1,15
Hancock18,MSAFB618-2,5,26.9,6,1.075,61.3,15
Hancock18,MSAFB618-3,4,38.6,5,1.07,56.8,15
Hancock18,MSAFB618-3,5,44,6,1.073,59.6,15
Hancock18,MSAFB619-2,5,57.7,8,1.072,55.1,15
Hancock18,MSAFB626-8,5,48.8,5,1.066,43.7,15
Hancock18,MSAFB635-15,5,52.8,5,1.074,61.2,15
Hancock18,MSAFB635-3,4,65.4,3,1.077,58,15
Hancock18,MSV507-003,4,32.5,3,1.077,57.1,15
Hancock18,MSV507-003,5,31.7,4,1.075,60.5,14
Hancock18,MSV507-012,4,31.8,5,1.076,56.2,11
Hancock18,MSV507-012,5,24.5,2,1.075,52.1,14
Hancock18,MSW004-1,4,56.9,6,1.083,50.6,15
Hancock18,MSX111-3,4,70.5,8,1.088,63.3,14
Hancock18,MSX111-3,5,58.8,8,1.085,59.2,15
Hancock18,MSX225-2,4,49.5,5,1.071,52.2,10
Hancock18,MSX225-2,5,36.9,4,1.072,55.1,11
Hancock18,MSY022-2,4,NA,6,1.066,50.9,9
Hancock18,MSY022-2,5,46.5,4,1.07,43.3,12
Hancock18,MSY041-1,4,61.6,7,1.078,57.9,15
Hancock18,MSY041-1,5,56.7,6,1.079,56,15
Hancock18,MSY156-2,4,60,7,1.078,55.5,15
Hancock18,MSY156-2,5,64,7,1.081,55.8,11
Hancock18,MSZ022-16,4,48.9,5,1.073,60.1,15
Hancock18,MSZ022-16,5,47.7,6,1.067,56.6,12
Hancock18,MSZ042-7,4,53,4,1.088,58.9,14
Hancock18,MSZ042-7,5,37.4,4,1.077,59.1,15
Hancock18,MSZ242-09,4,56.9,7,1.076,56.1,15
Hancock18,MSZ242-09,5,56.4,4,1.08,57.6,15
Hancock18,MSZ242-13,4,47.6,6,1.088,57.4,15
Hancock18,MSZ242-13,5,35.9,5,1.083,62,15
Hancock18,MSZ246-1,4,54.8,6,1.08,58.7,10
Hancock18,MSZ246-1,5,42.7,6,1.081,54.5,15
Hancock18,NC470-3,4,NA,5,1.065,59.7,8
Hancock18,NC470-3,5,57.4,7,1.083,57.8,12
Hancock18,NCB3171-7,4,53.6,4,1.075,59.7,12
Hancock18,NCB3171-7,5,46.2,3,1.073,53.6,15
Hancock18,ND102921C-3,5,45.6,1,1.072,54.6,15
Hancock18,ND113307C-3,4,48.5,4,1.067,53,15
Hancock18,ND12180ABC-8,4,57.4,2,1.067,59.5,13
Hancock18,ND12180ABC-8,5,52,3,1.069,60.8,15
Hancock18,ND1221-1,5,39.5,3,1.06,57.3,13
Hancock18,ND122C-1,5,46.3,3,1.074,59.4,15
Hancock18,ND1328YABC-1,5,70.3,6,1.079,55.9,15
Hancock18,ND14358AB-1,4,50.4,5,1.073,57.6,15
Hancock18,ND14437CAB-1,4,35.7,1,1.065,55.7,15
Hancock18,ND14437CAB-2,4,40.4,5,1.081,52.7,13
Hancock18,NDA1448CAB-1C,5,NA,5,1.05,55.9,9
Hancock18,NDAF113470C-3,4,64.5,4,1.071,49.1,15
Hancock18,NDAF113470C-3,5,55.6,4,1.072,49.4,15
Hancock18,NDAF14437CAB-3,4,30.4,4,1.067,58.5,14
Hancock18,NDTX12203AB-1W,4,34.5,1,1.058,62.8,15
Hancock18,NDTX12203AB-1W,5,40.6,4,1.068,56.7,12
Hancock18,NDTX1244-3W/Y,4,65.1,7,1.074,57.3,15
Hancock18,NDTX1244-3W/Y,5,59.5,3,1.073,59.8,15
Hancock18,NDTX1246-3W,4,47,6,1.061,58.4,14
Hancock18,NDTX1246-3W,5,49.1,3,1.077,58.3,10
Hancock18,NDTX1246-5W/Y,4,52.4,1,1.073,58.6,15
Hancock18,NY165,4,65.5,5,1.07,62.7,15
Hancock18,NY165,5,61.7,4,1.072,58,15
Hancock18,NY166,4,61.2,4,1.071,60.7,15
Hancock18,NY168,5,57.1,6,1.085,61.5,15
Hancock18,NY169,4,63.1,2,1.076,62,15
Hancock18,NY170,5,63.3,6,1.091,61.5,15
Hancock18,NYN16-10,5,41,6,1.075,56.8,15
Hancock18,NYOR14Q9-9,5,59.9,6,1.067,58.3,12
Hancock18,NYP103-1,5,71.6,6,1.08,61,15
Hancock18,NYP103-22,4,56,3,1.072,58.7,10
Hancock18,NYP108-2,5,69.4,4,1.074,59.2,15
Hancock18,NYP108-6,5,49.1,3,1.076,64,12
Hancock18,NYP111-16,4,52.3,4,1.071,62.2,15
Hancock18,NYP114-1,5,58.6,7,1.071,60.4,13
Hancock18,NYP116-6,5,63.9,7,1.076,59.8,15
Hancock18,NYP118-6,4,77.8,3,1.069,55.9,14
Hancock18,NYP119-3,5,46.5,4,1.073,61.6,15
Hancock18,NYP19-2,5,56.2,4,1.074,62.4,15
Hancock18,OR09256-2,4,65.4,6,1.079,56.8,10
Hancock18,OR09256-2,5,NA,3,1.077,58.3,9
Hancock18,Petoskey,4,26.7,2,1.084,60.1,15
Hancock18,Petoskey,5,26.9,2,1.079,62.1,15
Hancock18,Pike,4,51.1,8,1.078,60,14
Hancock18,Pike,5,49,6,1.077,56.4,15
Hancock18,Snowden,1,54.1,3,1.076,54.8,15
Hancock18,Snowden,2,51.7,3,1.07,56.5,15
Hancock18,Snowden,3,48.4,4,1.074,51.2,15
Hancock18,Snowden,4,50.5,4,1.067,61.9,15
Hancock18,Snowden,5,62.4,4,1.077,58.4,15
Hancock18,TX12483-6W,4,25.7,2,1.065,57.7,15
Hancock18,TX13580-1W,5,NA,8,NA,59.4,6
Hancock18,TX14695-2W,5,45.4,6,1.057,57.7,11
Hancock18,W12078-76,4,54,6,1.081,60.4,12
Hancock18,W12078-76,5,49,6,1.082,60.3,15
Hancock18,W13057-3,4,64.9,4,1.074,59.5,15
Hancock18,W13058-19,5,30.9,5,1.083,57.9,15
Hancock18,W13058-4,4,51.8,5,1.083,57.8,15
Hancock18,W13069-5,4,31.9,3,1.071,57.9,15
Hancock18,W13NYP19-2,4,63.6,5,1.085,63.9,15
Hancock18,W14084-1,1,50.3,2,1.066,61.1,15
Hancock18,W14183-2,2,67.9,3,1.07,53.8,15
Hancock18,W14184-5,3,55.2,3,1.074,54.1,15
Hancock18,W14184-7,1,43.7,5,1.072,53.6,15
Hancock18,W14186-21,2,40.5,3,1.065,52.7,15
Hancock18,W14187-2,3,33.8,2,1.076,55,14
Hancock18,W14187-21,1,65.3,4,1.079,58.5,15
Hancock18,W14190-15,2,44.5,2,1.062,53.4,14
Hancock18,W14AF5938-11,3,44,1,1.071,57.8,15
Hancock18,W14AF5949-2,1,46.5,4,1.073,49.9,15
Hancock18,W14AF5992-2,2,62.9,4,1.069,55.4,15
Hancock18,W14AF5997-1,3,42.1,5,1.076,52,14
Hancock18,W14AF6003-2,1,52.1,6,1.076,60.9,14
Hancock18,W14AF6018-1,2,35.8,3,1.081,56,15
Hancock18,W14AF6037-5,3,41.6,2,1.071,53.1,15
Hancock18,W14NYQ104-4,3,65.2,6,1.069,57.5,13
Hancock18,W14NYQ23-11,2,29.4,5,1.085,54.3,14
Hancock18,W14NYQ28-3,2,56.5,7,1.071,62.4,15
Hancock18,W14NYQ29-5,1,47.7,4,1.077,55,15
Hancock18,W14NYQ29-6,3,31.2,3,1.068,57.6,12
Hancock18,W14NYQ3-1,1,49.7,2,1.077,54.1,15
Hancock18,W14NYQ38-14,2,63.6,6,1.066,55.8,15
Hancock18,W14NYQ38-8,1,41.5,6,1.074,50.9,14
Hancock18,W14NYQ4-1,2,54.9,4,1.076,56.4,15
Hancock18,W14NYQ4-5,3,50.2,5,1.066,59.7,14
Hancock18,W14NYQ9-2,1,71.7,5,1.072,52.8,15
Hancock18,W14NYQ9-3,3,54.3,5,1.074,58.4,14
Hancock18,W15116-1,3,48.5,4,1.074,NA,15
Hancock18,W15116-4,1,52.1,3,1.074,57.1,15
Hancock18,W15116-8,2,52.8,3,1.076,52.3,15
Hancock18,W15117-6,2,49.6,5,1.09,55.7,15
Hancock18,W15118-3,2,64.9,4,1.076,55.9,15
Hancock18,W15119-1,3,45.7,3,1.078,53.7,15
Hancock18,W15119-15,1,60.5,3,1.085,58.2,15
Hancock18,W15119-24,3,41.2,3,1.082,56.5,15
Hancock18,W15120-4,1,36.1,2,1.069,51.8,15
Hancock18,W15121-4,2,46,4,1.081,52,15
Hancock18,W15121-5,1,61,2,1.083,57.1,15
Hancock18,W15121-6,1,58.7,2,1.078,51.1,15
Hancock18,W15121-8,1,54.9,4,1.077,47.6,15
Hancock18,W15121-9,3,55.1,1,1.08,52.6,15
Hancock18,W15122-5,1,46.8,5,1.075,53.8,15
Hancock18,W15122-6,3,NA,2,1.075,48.8,9
Hancock18,W15122-7,3,29.8,3,1.083,52.1,15
Hancock18,W15125-10,2,55.3,2,1.059,58.4,15
Hancock18,W15125-12,1,53.5,4,1.08,47,15
Hancock18,W15125-2,1,51.1,4,1.074,54.3,15
Hancock18,W15125-4,3,58.5,4,1.071,49,15
Hancock18,W15125-5,1,65.1,3,1.082,58.4,15
Hancock18,W15126-2,1,44.9,4,1.069,59,15
Hancock18,W15126-3,2,NA,4,1.07,56.9,9
Hancock18,W15126-9,3,49.8,4,1.08,55.8,15
Hancock18,W15130-6,1,41,1,1.068,57.4,13
Hancock18,W15137-1,3,41.1,4,1.075,54.1,15
Hancock18,W15138-3,2,31.3,3,1.069,56.9,15
Hancock18,W15142-6,2,50,4,1.073,59.6,14
Hancock18,W15142-8,3,41.9,1,1.084,55.3,15
Hancock18,W15143-3,3,34.9,3,1.076,53.1,15
Hancock18,W15144-19,3,45.7,3,1.081,56.4,15
Hancock18,W15144-21,3,32.8,4,1.065,58.5,15
Hancock18,W15144-23,2,33.6,3,1.076,54.8,15
Hancock18,W15144-32,3,NA,5,1.082,56.2,8
Hancock18,W15144-6,1,45.1,4,1.081,56.8,15
Hancock18,W15144-9,2,51,5,1.071,52.2,12
Hancock18,W15145-6,2,42.2,2,1.074,55.1,14
Hancock18,W15147-19,3,34,3,1.066,55.9,13
Hancock18,W15149-1,2,32.7,2,1.074,55.8,15
Hancock18,W15149-2,2,24.1,1,1.056,48.2,15
Hancock18,W15149-6,1,35.3,3,1.084,50.8,15
Hancock18,W15149-7,3,61.3,4,1.077,53.3,11
Hancock18,W15149-8,1,NA,5,1.077,48,9
Hancock18,W15150-12,1,51.9,5,1.075,49.8,14
Hancock18,W15150-3,1,59.6,3,1.088,55.8,15
Hancock18,W15151-1,2,47.2,4,1.082,53.2,15
Hancock18,W15151-2,3,39.7,3,1.07,47.4,15
Hancock18,W15151-4,1,51.2,5,1.074,55.6,15
Hancock18,W15151-6,2,42,4,1.067,55.1,15
Hancock18,W15151-9,1,64.9,3,1.075,55.2,15
Hancock18,W15152-2,1,46.8,5,1.078,51.7,15
Hancock18,W15156-1,3,37.9,5,1.079,53.1,15
Hancock18,W15156-2,1,38.7,2,1.086,47.2,15
Hancock18,W15158-14,2,42,3,1.068,50.3,15
Hancock18,W15158-15,1,NA,6,NA,55.2,5
Hancock18,W15158-21,2,41.2,3,1.066,56.2,13
Hancock18,W15160-8,3,28.5,3,1.072,51.6,15
Hancock18,W15161-2,2,40.9,3,1.065,63.1,15
Hancock18,W15161-5,3,51.1,2,1.068,52.6,12
Hancock18,W15161-7,2,22.5,1,1.07,61.3,15
Hancock18,W15161-8,2,NA,4,1.074,54.8,9
Hancock18,W15162-2,3,46.8,1,1.071,53.2,15
Hancock18,W15162-4,3,40.2,3,1.067,52.4,15
Hancock18,W15164-2,2,45.2,4,1.067,49.8,13
Hancock18,W15164-3,3,50.2,5,1.088,56.6,15
Hancock18,W15165-1,1,42.4,6,1.076,56.8,15
Hancock18,W15165-15,1,37.5,5,1.072,57.1,15
Hancock18,W15165-16,2,40.3,2,1.069,49.8,15
Hancock18,W15165-3,2,44.4,3,1.066,55.7,15
Hancock18,W15167-1,3,29.4,2,1.067,53.6,15
Hancock18,W15168-3,2,NA,3,1.068,53.2,9
Hancock18,W15169-2,2,32.1,4,1.082,57.4,15
Hancock18,W15170-10,3,41.8,1,1.067,51.9,15
Hancock18,W15170-3,3,62,4,1.064,57.6,15
Hancock18,W15174-1,1,41.8,4,1.076,45.1,13
Hancock18,W15180-10,2,38.6,4,1.064,55.7,15
Hancock18,W15180-12,2,31.1,5,1.08,46.4,14
Hancock18,W15183-1,2,32.3,3,1.075,51,15
Hancock18,W15184-2,3,48.3,2,1.072,52.7,15
Hancock18,W15184-22,2,45.9,3,1.073,57.4,15
Hancock18,W15184-23,2,39,4,1.077,51.6,15
Hancock18,W15184-27,3,36,3,1.079,57.1,15
Hancock18,W15184-4,1,58.6,2,1.082,58.4,15
Hancock18,W15184-6,3,43.6,4,1.079,55.5,15
Hancock18,W15184-8,3,38.7,2,1.075,57.6,15
Hancock18,W15190-6,1,50.5,5,1.075,52.9,15
Hancock18,W15193-1,1,41,3,1.084,57.3,13
Hancock18,W15194-4,1,29.2,3,1.079,58.7,15
Hancock18,W15194-7,3,31.2,2,1.076,49.8,15
Hancock18,W15198-1,2,29.6,1,1.069,53.6,15
Hancock18,W15199-2,2,61.3,3,1.069,48.4,15
Hancock18,W15200-3,1,46.9,4,1.079,53.6,12
Hancock18,W15200-7,1,NA,4,1.078,50.8,5
Hancock18,W15200-8,2,NA,2,1.07,55.4,8
Hancock18,W15202-4,3,38.9,3,1.078,53.3,15
Hancock18,W15204-8,1,52.8,2,1.078,51.1,15
Hancock18,W15204-9,3,46.7,4,1.073,59.1,15
Hancock18,W15205-2,1,42.5,4,1.084,59.1,14
Hancock18,W15209-4,1,50.5,2,1.072,51.3,15
Hancock18,W15211-7,2,46.6,2,1.072,44.8,11
Hancock18,W15212-11,2,45,3,1.079,56.3,15
Hancock18,W15212-5,3,45.8,4,1.065,50.6,13
Hancock18,W15214-1,1,48.9,2,1.08,59.3,15
Hancock18,W15214-2,3,46.7,5,1.084,58.2,15
Hancock18,W15214-3,3,48,4,1.078,50.4,15
Hancock18,W15218-1,2,NA,6,1.081,50.4,8
Hancock18,W15220-1,1,55.9,4,1.065,44.9,14
Hancock18,W15225-1,1,62.5,6,1.077,50.1,15
Hancock18,W15225-4,2,39.4,1,1.072,53.6,15
Hancock18,W15AF6243-4,3,56.6,4,1.077,55.2,15
Hancock18,W15NYR10-3,1,27.2,3,1.086,57.6,14
Hancock18,W15NYR10-4,3,48,3,1.074,60,15
Hancock18,W15NYR10-5,3,45.1,4,1.073,52.1,12
Hancock18,W15NYR10-6,2,45.1,2,1.07,54.8,15
Hancock18,W15NYR10-7,1,44.6,6,1.068,57.6,14
Hancock18,W15NYR10-8,3,50.3,5,1.087,56.3,13
Hancock18,W15NYR11-11,3,52.3,6,1.076,52.5,15
Hancock18,W15NYR11-13,1,55.3,6,1.076,54.2,15
Hancock18,W15NYR11-8,3,52.5,5,1.079,51.9,15
Hancock18,W15NYR16-2,1,62,6,1.073,60.5,15
Hancock18,W15NYR19-1,2,30.6,1,1.062,61.2,15
Hancock18,W15NYR5-2,2,48.7,5,1.075,62,15
Hancock18,W15NYR5-3,1,31,3,1.084,57.7,15
Hancock18,W15NYR7-2,3,34.2,1,1.066,59.2,15
Hancock18,W15NYR9-3,2,42.6,2,1.079,59.9,15
Hancock18,W15NYR9-6,2,41.7,4,1.07,59,15
Hancock18,W15NYR9-8,1,54.9,7,1.069,50.5,13
Hancock18,W9968-5,4,56.5,6,1.077,55.4,15
Hancock18,W9968-5,5,57.4,7,1.08,53.5,15
Hancock18,WAF14187-5,4,52.7,4,1.077,58.4,15
Hancock18,WIA14067-1C,4,61.9,5,1.068,55.8,15
Hancock19,AC11453-7W,4,48.4,5,1.081,56.5,15
Hancock19,AC11494-6W,4,53.6,8,1.081,56.5,15
Hancock19,AF5933-4,4,38.3,3,1.077,56.4,15
Hancock19,AF5960-4,3,42.6,3,1.083,63.3,15
Hancock19,AF5973-3,3,74.6,6,1.085,58,13
Hancock19,AF5975-1,3,46.2,5,1.077,45.1,15
Hancock19,AF6024-1,3,64.9,4,1.067,41.2,15
Hancock19,AF6030-1,4,53.2,4,1.071,58.1,14
Hancock19,AF6031-2,4,49.2,5,1.079,56.9,13
Hancock19,AF6034-1,4,43.6,5,1.078,53.5,15
Hancock19,AF6036-1,3,43.6,4,1.071,54.6,15
Hancock19,AF6188-9,3,45.8,5,1.08,54.7,13
Hancock19,AF6192-3,4,61.9,5,1.078,50.1,15
Hancock19,AF6200-4,3,56.6,6,1.076,46.3,15
Hancock19,AF6232-1,4,56.5,2,1.074,50.7,15
Hancock19,AF6241-4,4,25.4,7,1.089,56.1,11
Hancock19,AF6243-10,3,36.2,4,1.083,59.7,15
Hancock19,AOR12197-4,3,60.1,7,1.069,51.7,15
Hancock19,AOR12197-4,3,63.4,6,1.071,52.4,15
Hancock19,Atlantic,1,56,6,1.087,47.9,15
Hancock19,Atlantic,2,56,8,1.085,53.2,15
Hancock19,Atlantic,3,48.5,5,1.08,47,15
Hancock19,Atlantic,4,55.3,5,1.085,46.4,15
Hancock19,B2904-2,3,52.4,4,1.082,42,15
Hancock19,B2904-2,4,47.5,5,1.079,51.9,15
Hancock19,B3306-2,4,40.9,4,1.083,49.2,15
Hancock19,B3317-1,4,46.9,4,1.082,49.1,15
Hancock19,BNC726-5,4,51.7,4,1.084,48,15
Hancock19,BNC742-2,3,35.8,2,1.067,52.4,15
Hancock19,CO12235-3W,4,47.9,4,1.075,49.1,15
Hancock19,CO12293-1W,3,62.4,6,1.075,54.4,15
Hancock19,CO12428-2W,4,35.7,5,1.078,50.6,15
Hancock19,COOR13270-2,3,44.1,5,1.078,53.6,14
Hancock19,COOR13270-2,4,37.9,4,1.077,57.5,14
Hancock19,Hodag,1,77.9,5,1.08,58.3,15
Hancock19,Hodag,2,62,6,1.081,61.6,15
Hancock19,Hodag,3,70.1,9,1.082,59.5,15
Hancock19,Hodag,4,73.1,6,1.076,59.9,15
Hancock19,Lamoka,1,54.5,5,1.08,64.2,15
Hancock19,Lamoka,2,50.6,4,1.083,66.2,15
Hancock19,Lamoka,3,48.6,5,1.077,59.9,13
Hancock19,Lamoka,4,59.5,4,1.082,57.1,15
Hancock19,MSAA036-03,4,44.1,4,1.07,48.5,15
Hancock19,MSAA036-09,3,NA,4,1.066,53.1,5
Hancock19,MSAA036-10,3,36.2,4,1.07,52.9,14
Hancock19,MSAA036-10,3,44.7,5,1.071,54.6,15
Hancock19,MSAA038-09Y,4,66.1,8,1.071,43.3,14
Hancock19,MSAA038-09Y,4,69.4,8,1.071,42.8,15
Hancock19,MSAA072-04,4,47.7,6,1.084,52.4,15
Hancock19,MSAA076-04,3,65.6,5,1.07,52.3,15
Hancock19,MSAA076-04,3,68.3,4,1.075,51.9,15
Hancock19,MSAA091-01,4,51.2,4,1.078,49.5,15
Hancock19,MSAA100-1,4,44.9,4,1.062,42.8,15
Hancock19,MSAA217-3,3,55.9,4,1.09,49.4,15
Hancock19,MSAA240-06,3,58.4,5,1.08,60.3,15
Hancock19,MSAA241-01,4,48.3,4,1.07,51.6,15
Hancock19,MSAA241-01,4,47.2,4,1.072,46.2,15
Hancock19,MSAA252-07,3,77.4,4,1.071,44.3,15
Hancock19,MSAA252-07,4,73.7,4,1.074,41.5,15
Hancock19,MSAA254-04,3,70.3,5,1.075,46.7,15
Hancock19,MSAA254-04,3,72.3,4,1.076,38,15
Hancock19,MSAA260-03,4,44.7,5,1.075,51.1,15
Hancock19,MSAA260-03,4,60.1,5,1.079,54.2,15
Hancock19,MSAA275-03,3,71.5,5,1.072,45,15
Hancock19,MSAA290-02,4,63.1,6,1.069,46.6,15
Hancock19,MSAA309-15,3,53.3,3,1.078,52.8,15
Hancock19,MSAA311-1,4,43.3,3,1.075,49.1,15
Hancock19,MSAA313-01,3,47.4,2,1.069,48.4,14
Hancock19,MSAA324-04,3,58.2,5,1.069,57.4,15
Hancock19,MSAA324-04,4,59.6,5,1.071,52.7,15
Hancock19,MSAA328-04,3,54.2,6,1.073,40.8,15
Hancock19,MSAA342-11Y,4,58.7,4,1.067,50.9,15
Hancock19,MSAA373-3,4,63.1,6,1.087,51.3,14
Hancock19,MSAA373-3,4,65.8,8,1.094,50.4,14
Hancock19,MSAA498-18,3,50.1,5,1.075,48,14
Hancock19,MSAA513-01,3,62.8,5,1.082,53.3,14
Hancock19,MSAA678-01,3,56.8,5,1.074,52.2,15
Hancock19,MSAA678-01,3,51.3,4,1.079,54.7,15
Hancock19,MSAFB605-4,3,59.7,7,1.075,52.1,13
Hancock19,MSAFB605-4,4,53.3,7,1.077,55.4,15
Hancock19,MSAFB609-5,4,51.4,4,1.075,51.3,15
Hancock19,MSAFB609-5,4,49.9,5,1.079,54.9,15
Hancock19,MSAFB635-15,4,60.7,4,1.08,53.4,12
Hancock19,MSAFB635-15,4,53.6,6,1.083,55.9,15
Hancock19,MSAFB635-3,3,56.2,6,1.078,56.1,15
Hancock19,MSAFB635-3,4,49.7,6,1.074,49.6,14
Hancock19,MSBB008-3,3,65.4,5,1.074,46.3,15
Hancock19,MSBB058-1,4,38.7,5,1.085,47.5,13
Hancock19,MSBB060-01,3,62,5,1.073,47.3,15
Hancock19,MSBB067-02,3,45.6,4,1.075,53.7,15
Hancock19,MSBB131-01,4,77.3,4,1.076,43.7,15
Hancock19,MSBB152-01,4,65.9,6,1.079,47.8,15
Hancock19,MSBB166-01,4,63.4,5,1.078,56.8,15
Hancock19,MSBB193-1,4,40,3,1.076,56.4,15
Hancock19,MSBB230-01,4,48.6,6,1.081,51.7,15
Hancock19,MSBB610-13,4,55.9,5,1.079,47.9,15
Hancock19,MSBB611-03,3,63.6,6,1.078,46.2,15
Hancock19,MSBB613-04,4,56.1,5,1.069,50.6,15
Hancock19,MSBB614-10,4,50.7,3,1.077,52.9,14
Hancock19,MSBB617-2,4,54.7,5,1.071,44.8,13
Hancock19,MSBB618-02,3,32.9,4,1.057,56.7,14
Hancock19,MSBB618-9,3,60.6,5,1.068,45.2,15
Hancock19,MSBB623-12,3,60.9,4,1.066,55.7,15
Hancock19,MSBB625-2,4,32.1,5,1.078,47.9,14
Hancock19,MSBB626-11,4,67.6,5,1.079,48.9,15
Hancock19,MSBB631-04,3,51.8,3,1.071,52,15
Hancock19,MSBB633-18,3,65.3,6,1.076,48.7,15
Hancock19,MSBB636-11,4,61.9,5,1.073,58.1,15
Hancock19,MSCC129-02,4,46,7,1.069,51.5,15
Hancock19,MSCC129-04,4,36.7,4,1.074,54.2,13
Hancock19,MSCC248-02,4,34.4,6,1.075,48.5,13
Hancock19,MSCC248-3,3,50.9,4,1.09,57.6,15
Hancock19,MSCC256-02,3,44,3,1.073,54.7,15
Hancock19,NC475-3,3,49.5,5,1.085,49.7,15
Hancock19,ND113307C-3,3,57,5,1.078,54.3,15
Hancock19,ND124C-1,4,53.2,4,1.08,54.4,15
Hancock19,ND13217C-1,4,26.5,7,1.084,44.8,15
Hancock19,ND13219C-4,3,43.7,4,1.084,58.2,15
Hancock19,ND13220C-3,4,67.7,5,1.082,55.7,15
Hancock19,ND13221C-3,4,30,3,1.068,53.9,15
Hancock19,ND1328YABC-1,4,63.9,6,1.077,52,15
Hancock19,ND1328YABC-1,4,67.9,8,1.087,56.8,15
Hancock19,NDAF14477C-2,4,47.5,4,1.075,39.9,15
Hancock19,NDAF14477C-7,4,36.7,4,1.079,49.4,14
Hancock19,NDTX12135-1W,3,NA,5,1.07,45.7,13
Hancock19,NDTX1246-5W/Y,4,66.2,5,1.078,52.1,15
Hancock19,NDTX1246-5W/Y,4,63.3,4,1.08,49.1,15
Hancock19,NDTX14362AB-1W,4,44.8,6,1.079,55.4,15
Hancock19,NY166,3,69,5,1.075,55.6,15
Hancock19,NY166,3,56.3,4,1.075,52.5,15
Hancock19,NY168,3,55.1,6,1.075,53,15
Hancock19,NY168,4,53.3,6,1.08,58.7,15
Hancock19,NY169,3,53.5,6,1.084,57.6,15
Hancock19,NY169,4,59.1,5,1.088,57.7,14
Hancock19,NY170,4,48.3,6,1.084,55.6,15
Hancock19,NY170,4,55.9,5,1.089,54.6,15
Hancock19,NYOR14Q9-5,3,48.3,5,1.064,57.2,14
Hancock19,NYOR14Q9-5,4,50.9,5,1.071,59.8,14
Hancock19,NYOR14Q9-9,3,59.1,5,1.074,41,15
Hancock19,NYOR14Q9-9,4,50.1,6,1.076,42.3,13
Hancock19,NYORN18-1,3,48,4,1.069,45.6,15
Hancock19,NYORN41-5,4,64.5,5,1.086,55.9,15
Hancock19,NYORN6-8,3,86,5,1.074,51.5,15
Hancock19,NYORQ2-2,4,57.7,6,1.074,54.8,15
Hancock19,NYORQ6-3,4,32.2,6,1.07,57.4,15
Hancock19,NYORQ6-6,3,50.5,3,1.077,48.2,15
Hancock19,NYQ106-13,3,64.3,7,1.079,54.4,15
Hancock19,NYQ23-4,3,51.7,4,1.077,56.9,15
Hancock19,NYQ29-1,3,62.5,4,1.077,58.7,15
Hancock19,NYQ29-2,3,61.1,5,1.08,50.1,15
Hancock19,NYQ36-6,4,53.7,5,1.087,56.6,15
Hancock19,NYQ37-1,3,74.6,6,1.085,58.7,15
Hancock19,NYQ38-4,3,77.8,4,1.076,53.7,15
Hancock19,Pinnacle,1,59.7,5,1.083,64.5,15
Hancock19,Pinnacle,2,63.1,4,1.085,57.7,15
Hancock19,Snowden,1,60.1,5,1.083,63.9,15
Hancock19,Snowden,2,54.2,6,1.081,62.2,15
Hancock19,Snowden,3,63.8,8,1.078,59.1,15
Hancock19,Snowden,4,58.7,5,1.078,54.6,15
Hancock19,W12078-76,3,50.3,4,1.084,58,15
Hancock19,W12078-76,3,42,5,1.088,58.6,14
Hancock19,W13058-4,4,54.2,5,1.086,49.9,15
Hancock19,W13058-4,4,49.5,6,1.091,54.2,15
Hancock19,W14183-2,3,56.9,5,1.071,48.9,15
Hancock19,W14183-2,4,55.2,6,1.075,51.9,14
Hancock19,W14184-5,4,46.7,4,1.08,56.2,15
Hancock19,W14184-5,4,49.5,5,1.08,51,15
Hancock19,W14184-7,4,48.6,5,1.075,56.6,15
Hancock19,W14184-7,4,49.1,6,1.081,48.1,15
Hancock19,W14186-21,3,44.3,6,1.074,47.6,15
Hancock19,W14186-21,4,39,5,1.07,44.1,15
Hancock19,W14187-2,4,43.1,5,1.075,52.6,15
Hancock19,W14187-2,4,48.8,6,1.082,51.8,15
Hancock19,W14AF5949-2,4,60,4,1.076,40.6,15
Hancock19,W14AF5949-2,4,57.9,4,1.079,39,15
Hancock19,W14AF6037-5,3,46.9,4,1.072,46.3,15
Hancock19,W14AF6037-5,4,45.7,5,1.077,47.7,15
Hancock19,W14NYQ104-4,3,58.2,7,1.07,49.4,13
Hancock19,W14NYQ104-4,3,40.4,6,1.073,54.7,14
Hancock19,W14NYQ28-3,3,61.9,5,1.066,57,14
Hancock19,W14NYQ28-3,3,58.9,5,1.069,61.5,15
Hancock19,W14NYQ29-5,3,66.1,5,1.077,54.5,15
Hancock19,W14NYQ29-5,3,64.7,7,1.08,54.6,15
Hancock19,W14NYQ4-1,3,64.4,5,1.074,52.3,15
Hancock19,W14NYQ4-1,3,60.5,4,1.075,58,15
Hancock19,W14NYQ9-2,4,66,5,1.076,52.3,15
Hancock19,W14NYQ9-2,4,75.6,6,1.077,49.8,15
Hancock19,W15119-24,1,54,6,1.084,60.4,15
Hancock19,W15119-24,2,45.1,5,1.085,59.6,15
Hancock19,W15125-4,1,60.3,6,1.076,53.1,13
Hancock19,W15125-4,2,65.2,6,1.076,49.3,15
Hancock19,W15151-2,1,53,5,1.074,43.8,15
Hancock19,W15151-2,2,62.9,5,1.072,46.2,14
Hancock19,W15162-2,1,34.6,2,1.073,58.1,14
Hancock19,W15162-2,2,30.4,5,1.069,56.3,15
Hancock19,W15164-2,1,50.4,5,1.075,56,15
Hancock19,W15164-2,2,56.5,5,1.076,58.2,13
Hancock19,W15174-1,1,46.5,4,1.081,44.5,15
Hancock19,W15174-1,2,52.1,7,1.08,44.4,15
Hancock19,W15199-2,1,70.7,6,1.071,54.8,14
Hancock19,W15199-2,2,63.2,5,1.072,57.1,15
Hancock19,W15200-3,1,45.2,5,1.087,NA,15
Hancock19,W15200-3,2,53.2,6,1.089,61.3,15
Hancock19,W15200-8,1,42.2,3,1.076,67.3,15
Hancock19,W15200-8,2,48.5,4,1.08,69.2,15
Hancock19,W15NYR11-11,1,51.7,6,1.063,57.5,15
Hancock19,W15NYR11-11,2,49.3,5,1.069,64.4,14
Hancock19,W15NYR11-13,1,55.9,6,1.073,62.4,15
Hancock19,W15NYR11-13,2,75.4,7,1.076,63.6,15
Hancock19,W15NYR11-8,1,62.6,6,1.077,64.3,15
Hancock19,W15NYR11-8,2,51.2,6,1.075,61.9,15
Hancock19,W15NYR16-2,1,50.3,4,1.071,67.8,12
Hancock19,W15NYR16-2,2,67.9,8,1.073,59.5,15
Hancock19,W15NYR5-2,1,50.6,4,1.078,63.3,15
Hancock19,W15NYR5-2,2,53.3,4,1.078,64.9,15
Hancock19,W15NYR7-2,1,44.5,3,1.081,62.9,15
Hancock19,W15NYR7-2,2,51.1,3,1.082,65.3,15
Hancock19,W15NYR9-6,1,38.6,4,1.075,66.3,14
Hancock19,W15NYR9-6,2,37.8,7,1.077,67.6,14
Hancock19,W15NYR9-8,1,57.7,3,1.076,59.9,14
Hancock19,W15NYR9-8,2,52.8,6,1.077,60.1,14
Hancock19,W16090-1,2,32.1,4,1.076,63,15
Hancock19,W16090-2,1,47,3,1.078,60.6,14
Hancock19,W16091-4,2,39.4,6,1.08,61.5,15
Hancock19,W16091-5,2,53.4,6,1.079,57,15
Hancock19,W16094-1,2,68.7,4,1.085,48.6,15
Hancock19,W16095-4,2,51,5,1.082,60.7,15
Hancock19,W16098-12,1,36.6,4,1.064,51.4,15
Hancock19,W16099-10,2,58.8,3,1.082,58,15
Hancock19,W16099-11,1,51.7,6,1.082,60,15
Hancock19,W16099-2,2,65.5,7,1.084,54.2,15
Hancock19,W16099-6,2,36.3,7,1.086,61,15
Hancock19,W16100-12,2,52.9,4,1.078,60.7,15
Hancock19,W16100-13,1,55.1,4,1.078,59.2,15
Hancock19,W16100-19,1,48.2,5,1.079,57.3,14
Hancock19,W16100-2,2,49.1,6,1.083,58.9,15
Hancock19,W16100-21,2,52.1,6,1.071,55,14
Hancock19,W16100-22,1,47.9,4,1.076,60.6,15
Hancock19,W16100-26,1,42,2,1.074,51.5,15
Hancock19,W16100-27,2,49.1,4,1.068,52.5,15
Hancock19,W16100-28,2,58.1,4,1.075,49.1,15
Hancock19,W16100-29,1,69.6,4,1.078,61,15
Hancock19,W16100-3,1,54.4,3,1.084,58.9,13
Hancock19,W16100-30,2,50.9,4,1.079,58,15
Hancock19,W16100-32,2,33.2,2,1.078,62.6,15
Hancock19,W16100-38,1,39.4,3,1.074,60.8,15
Hancock19,W16100-39,1,46.8,4,1.079,53.8,14
Hancock19,W16100-44,1,46.1,5,1.081,60.3,15
Hancock19,W16100-49,1,56.5,5,1.082,57.3,15
Hancock19,W16100-50,1,50.8,7,1.084,64.5,15
Hancock19,W16100-54,2,70.1,6,1.09,62,15
Hancock19,W16100-60,1,44.4,4,1.074,46.1,15
Hancock19,W16100-64,2,65.9,5,1.078,62.3,15
Hancock19,W16100-7,2,45,4,1.079,59.6,15
Hancock19,W16101-11,1,43.7,4,1.08,55.7,14
Hancock19,W16101-15,1,50.1,6,1.077,59.3,15
Hancock19,W16101-5,2,49.9,5,1.081,62.3,15
Hancock19,W16101-9,2,40.5,3,1.078,60.6,15
Hancock19,W16102-3,1,57.7,4,1.08,58.2,15
Hancock19,W16102-6,1,58.8,4,1.079,59.5,15
Hancock19,W16103-11,2,58.4,6,1.072,59.6,15
Hancock19,W16103-2,2,49.5,4,1.078,61,15
Hancock19,W16103-4,1,48.9,5,1.07,54.4,15
Hancock19,W16103-5,2,52,5,1.079,56.5,14
Hancock19,W16104-5,1,54.1,7,1.075,59.3,15
Hancock19,W16105-1,1,48.5,3,1.079,58.1,15
Hancock19,W16111-3,1,51.4,5,1.083,58.8,15
Hancock19,W16115-9,2,52.5,5,1.079,55.4,15
Hancock19,W16118-3,1,46.4,5,1.085,64.9,15
Hancock19,W16119-1,2,51.2,6,1.08,60.6,15
Hancock19,W16125-1,1,48.2,5,1.074,57.7,12
Hancock19,W16126-7,2,68.1,5,1.073,56.3,15
Hancock19,W16127-1,1,45.5,6,1.078,62.4,13
Hancock19,W16127-13,2,67.9,7,1.068,55.2,15
Hancock19,W16128-12,2,73.9,7,1.087,62.4,15
Hancock19,W16130-10,2,40.2,6,1.068,61,15
Hancock19,W16130-15,2,60.8,8,1.082,61.5,15
Hancock19,W16130-21,1,53.2,5,1.087,55,14
Hancock19,W16130-22,2,70.7,5,1.078,52.7,15
Hancock19,W16130-26,1,61.7,5,1.089,53.2,15
Hancock19,W16130-4,1,43.8,4,1.076,59.6,15
Hancock19,W16130-52,2,32.1,5,1.086,65.3,15
Hancock19,W16130-57,2,48.4,6,1.082,47.2,15
Hancock19,W16130-59,2,47.5,6,1.082,61.3,15
Hancock19,W16130-65,2,71.7,5,1.069,54.2,15
Hancock19,W16130-69,1,57.9,6,1.082,53.8,15
Hancock19,W16130-70,1,50.1,6,1.085,61.1,15
Hancock19,W16130-71,2,51.2,4,1.082,62.2,15
Hancock19,W16130-78,1,56.1,7,1.084,56.8,15
Hancock19,W16131-10,2,35.4,7,1.074,57.6,14
Hancock19,W16131-11,2,66.8,7,1.081,59,15
Hancock19,W16131-12,1,54,5,1.072,52.5,15
Hancock19,W16131-15,1,68.7,7,1.084,60.8,15
Hancock19,W16132-13,2,53.2,7,1.081,51,15
Hancock19,W16132-14,2,44.3,4,1.076,62.3,15
Hancock19,W16133-32,1,38.3,3,1.084,62.6,15
Hancock19,W16133-35,1,61.5,4,1.081,55.6,15
Hancock19,W16134-10,1,40,6,1.081,61.6,15
Hancock19,W16134-12,1,63.5,5,1.086,52,15
Hancock19,W16134-13,1,45.8,5,1.09,59.7,15
Hancock19,W16134-14,2,32.5,4,1.095,64.9,15
Hancock19,W16134-4,1,53.6,4,1.083,59.5,15
Hancock19,W16135-12,1,39.4,3,1.083,57.7,15
Hancock19,W16135-14,2,50.9,5,1.085,63.3,15
Hancock19,W16135-26,1,41.3,5,1.085,66,15
Hancock19,W16135-4,1,53.2,6,1.083,57.4,15
Hancock19,W16136-1,1,36.1,8,1.075,61.1,14
Hancock19,W16137-2,2,47.7,7,1.075,61.6,15
Hancock19,W16137-8,1,49.9,5,1.097,61.3,14
Hancock19,W16219-3,1,60.2,5,1.082,63.9,13
Hancock19,W16219-8,2,52.3,5,1.079,55.7,15
Hancock19,W16220-11,2,36.1,2,1.072,63.8,15
Hancock19,W16AF6537-3,2,52.5,5,1.077,59.1,14
Hancock19,W16AF6537-6,1,46.7,5,1.076,56.5,15
Hancock19,W16NYS2-4,1,37.9,4,1.078,61.6,15
Hancock19,W16NYS27-1,2,55.8,7,1.07,61.1,15
Hancock19,WAF14067-6,4,49.6,6,1.077,56.8,15
Hancock19,WAF15133-3,3,51.8,5,1.082,58.4,15
Hancock19,WAF15195-3,3,62.1,0,1.07,44.3,14